,ds,y,pred_prophet,yhat1_np
0,2020-01-01,-0.23923976543772463,-0.23527967592572507,-0.21915006637573242
1,2020-01-02,-0.2481378936314537,-0.24471956252036653,-0.2286684513092041
2,2020-01-03,-0.2806118354214583,-0.27772588904146,-0.2619273066520691
3,2020-01-04,-0.35631987000477283,-0.35395958211544404,-0.3384634852409363
4,2020-01-05,-0.44640761632732884,-0.4445665410528609,-0.42921048402786255
5,2020-01-06,-0.4781965089060448,-0.47686524384595036,-0.46135497093200684
6,2020-01-07,-0.39417015382172343,-0.3933352328178631,-0.37743252515792847
7,2020-01-08,-0.2140257670528813,-0.21367109367266263,-0.1973356008529663
8,2020-01-09,-0.03637292614430532,-0.03648156646184719,-0.01986485719680786
9,2020-01-10,0.03151501577669252,0.030960864685095457,0.04763919115066528
10,2020-01-11,-0.04129243729516535,-0.04227172685870806,-0.025692343711853027
11,2020-01-12,-0.1853706573108952,-0.18675094026124295,-0.17032700777053833
12,2020-01-13,-0.29099890079138124,-0.2927532044191856,-0.27646374702453613
13,2020-01-14,-0.2992212473580605,-0.3013220738179938,-0.2850998640060425
14,2020-01-15,-0.24304593531368135,-0.24546648805859259,-0.22919988632202148
15,2020-01-16,-0.20507018077965056,-0.20778316616857823,-0.19132566452026367
16,2020-01-17,-0.23516052320573924,-0.23813597616309232,-0.2213718295097351
17,2020-01-18,-0.3062255233290401,-0.30943060801252864,-0.2923784852027893
18,2020-01-19,-0.34641714805200097,-0.3498192214972894,-0.33267927169799805
19,2020-01-20,-0.3122870717129116,-0.3158578514343233,-0.2989204525947571
20,2020-01-21,-0.2307732586218885,-0.23449015501067372,-0.21794003248214722
21,2020-01-22,-0.1716514877237325,-0.17549414202641384,-0.15925449132919312
22,2020-01-23,-0.18067532835686279,-0.18461960399861765,-0.16837435960769653
23,2020-01-24,-0.23942945522008066,-0.24344367126287983,-0.22684025764465332
24,2020-01-25,-0.2880886786688954,-0.29213519984733083,-0.2750144600868225
25,2020-01-26,-0.2843505531242495,-0.2883913131410941,-0.2708647847175598
26,2020-01-27,-0.23911854537343957,-0.24311978069203097,-0.22544413805007935
27,2020-01-28,-0.19741462584416497,-0.20134704982414162,-0.1837180256843567
28,2020-01-29,-0.19008537003128156,-0.1939202940048661,-0.176366925239563
29,2020-01-30,-0.20886804781084442,-0.21257357299685906,-0.1950300931930542
30,2020-01-31,-0.22816543322105862,-0.23170652928142962,-0.21416759490966797
31,2020-02-01,-0.24425735267367846,-0.24759988592140267,-0.23019421100616455
32,2020-02-02,-0.28336565717149387,-0.2864808723750159,-0.2693823575973511
33,2020-02-03,-0.36513441909432465,-0.3680002592913814,-0.35125893354415894
34,2020-02-04,-0.46069844970687046,-0.4632972467766259,-0.4467507004737854
35,2020-02-05,-0.4973717953974116,-0.4996870665428001,-0.4830414056777954
36,2020-02-06,-0.41763409248484495,-0.4196494420328,-0.40266653895378113
37,2020-02-07,-0.24118198292527304,-0.24288252058701304,-0.22552227973937988
38,2020-02-08,-0.06662782220638896,-0.06800191661594357,-0.05041635036468506
39,2020-02-09,-0.0012510288860755336,-0.002290213221217363,0.015300929546356201
40,2020-02-10,-0.07599136728295236,-0.07668855291473076,-0.059252798557281494
41,2020-02-11,-0.22143657651696738,-0.2217847412202629,-0.20456135272979736
42,2020-02-12,-0.32788125652754974,-0.32787425965978007,-0.3108426332473755
43,2020-02-13,-0.3363876663657482,-0.336022400731814,-0.31911563873291016
44,2020-02-14,-0.2799849029814622,-0.27926235107947256,-0.2623692750930786
45,2020-02-15,-0.24129354818052082,-0.24021739525230246,-0.2231919765472412
46,2020-02-16,-0.2702058278456113,-0.2687800819145712,-0.2515069842338562
47,2020-02-17,-0.3396581108472564,-0.3378866821066849,-0.3203850984573364
48,2020-02-18,-0.3778320835598101,-0.3757216125752688,-0.35819193720817566
49,2020-02-19,-0.3413108309554468,-0.3388746082360861,-0.32160764932632446
50,2020-02-20,-0.2570651907090199,-0.2543242301334264,-0.2375052571296692
51,2020-02-21,-0.19490504277988702,-0.19188435136098372,-0.17543679475784302
52,2020-02-22,-0.20061904508590492,-0.1973413385872659,-0.18094956874847412
53,2020-02-23,-0.25582770503195357,-0.25230936000684023,-0.23562103509902954
54,2020-02-24,-0.3007421646993363,-0.29699452319883507,-0.2798507809638977
55,2020-02-25,-0.2930965641398165,-0.28913116958517576,-0.27164387702941895
56,2020-02-26,-0.24383096622065692,-0.23966400948770858,-0.22209006547927856
57,2020-02-27,-0.19800370773585174,-0.19365591509431931,-0.17619109153747559
58,2020-02-28,-0.18649726555306914,-0.18198973682815417,-0.1646633744239807
59,2020-02-29,-0.20108411709713064,-0.1964342396825278,-0.17918062210083008
60,2020-03-01,-0.21620132923749405,-0.21142258544796105,-0.19423645734786987
61,2020-03-02,-0.2281618949702204,-0.22326762736554817,-0.20627760887145996
62,2020-03-03,-0.2632195048276749,-0.258227145005995,-0.24160712957382202
63,2020-03-04,-0.34104855483967284,-0.3359807015857527,-0.31978070735931396
64,2020-03-05,-0.43281248837196157,-0.4276943692927606,-0.4117518365383148
65,2020-03-06,-0.46585213092260486,-0.46070818400752034,-0.44472894072532654
66,2020-03-07,-0.3826718986697877,-0.377524474363358,-0.3612702786922455
67,2020-03-08,-0.20299108395509574,-0.19786167995178314,-0.1812921166419983
68,2020-03-09,-0.025442449710922355,-0.02035329823887566,-0.003619968891143799
69,2020-03-10,0.04267651711191839,0.04770269188917947,0.0643802285194397
70,2020-03-11,-0.029589598875174872,-0.02464770105380315,-0.0081864595413208
71,2020-03-12,-0.17284171043770896,-0.1680025439505302,-0.15181398391723633
72,2020-03-13,-0.27738507202539925,-0.27266497008217483,-0.2567281126976013
73,2020-03-14,-0.2842900548186802,-0.2797053108817689,-0.26395273208618164
74,2020-03-15,-0.2265913206812038,-0.22215919444571086,-0.20647919178009033
75,2020-03-16,-0.18691248251486364,-0.18264978289292969,-0.1668955683708191
76,2020-03-17,-0.2151462947883404,-0.2110669899665432,-0.1951225996017456
77,2020-03-18,-0.28422720123850786,-0.2803420079248152,-0.26422590017318726
78,2020-03-19,-0.32233257509254565,-0.3186518160402517,-0.30256372690200806
79,2020-03-20,-0.2860388821087495,-0.2825764539701904,-0.266806423664093
80,2020-03-21,-0.20230813208702936,-0.19908264545996374,-0.18381506204605103
81,2020-03-22,-0.140939280418172,-0.13797041383094574,-0.12312793731689453
82,2020-03-23,-0.1477080893039889,-0.145010405805044,-0.13027650117874146
83,2020-03-24,-0.20422033733096384,-0.20179935330497398,-0.18682080507278442
84,2020-03-25,-0.25067075404675027,-0.24852437546088382,-0.23314136266708374
85,2020-03-26,-0.2447755427573627,-0.24289944620405726,-0.227222740650177
86,2020-03-27,-0.19745547369397531,-0.1958477100725724,-0.18013334274291992
87,2020-03-28,-0.15374841092698552,-0.1524094621337157,-0.13685208559036255
88,2020-03-29,-0.14451536040682303,-0.14344415606949573,-0.12807202339172363
89,2020-03-30,-0.16150651702142038,-0.16069653552902557,-0.14544278383255005
90,2020-03-31,-0.17913604328840238,-0.17857531318694805,-0.16343355178833008
91,2020-04-01,-0.19369359763962798,-0.19336866258227703,-0.1784663200378418
92,2020-04-02,-0.2314092977684477,-0.23130964905726598,-0.2168194055557251
93,2020-04-03,-0.31193391944069043,-0.3120532805787282,-0.2980238199234009
94,2020-04-04,-0.4064074266654678,-0.4067414225890045,-0.39300891757011414
95,2020-04-05,-0.44214749093873756,-0.4426904369189364,-0.4289592504501343
96,2020-04-06,-0.36163587900006505,-0.36237968837860396,-0.3484102189540863
97,2020-04-07,-0.18456991100418887,-0.18546029703334924,-0.17125588655471802
98,2020-04-08,-0.009561219885665773,-0.010589952295468497,0.0036993026733398438
99,2020-04-09,0.05611283918925314,0.054953219860542524,0.06910943984985352
100,2020-04-10,-0.018484161632262297,-0.019766248933058284,-0.005902111530303955
101,2020-04-11,-0.16393542687369245,-0.16532935918363895,-0.15181183815002441
102,2020-04-12,-0.27052990518823616,-0.272023748513377,-0.25883013010025024
103,2020-04-13,-0.2793231748593419,-0.2809059236884639,-0.26796698570251465
104,2020-04-14,-0.22333671480219397,-0.2249994450918568,-0.21220159530639648
105,2020-04-15,-0.1851826479708769,-0.18691723523284748,-0.17411178350448608
106,2020-04-16,-0.21474400045622777,-0.21654085230213244,-0.20360976457595825
107,2020-04-17,-0.2849473029033451,-0.2867950575531468,-0.2737547755241394
108,2020-04-18,-0.3239638693487155,-0.3258523486872692,-0.3129004240036011
109,2020-04-19,-0.28836598362972937,-0.29029024247075297,-0.2777145504951477
110,2020-04-20,-0.20511335900841823,-0.20707489214549557,-0.19505751132965088
111,2020-04-21,-0.14400453267132257,-0.14600768129045544,-0.13446873426437378
112,2020-04-22,-0.15081670495441066,-0.1528625110129124,-0.14148324728012085
113,2020-04-23,-0.20715891230055355,-0.20924121054379796,-0.19766592979431152
114,2020-04-24,-0.2532309110376835,-0.25533777401440566,-0.24340397119522095
115,2020-04-25,-0.24675563573232392,-0.24887474943775154,-0.23669081926345825
116,2020-04-26,-0.19866221491963232,-0.20078546327330166,-0.18860453367233276
117,2020-04-27,-0.1539984083121053,-0.15612189730257195,-0.14413601160049438
118,2020-04-28,-0.14363655370625517,-0.14575658279455453,-0.13399118185043335
119,2020-04-29,-0.1593395023768568,-0.161448608052071,-0.14983397722244263
120,2020-04-30,-0.1755352765614285,-0.17762216484441531,-0.16614913940429688
121,2020-05-01,-0.18852846804533052,-0.19058189992803234,-0.17937493324279785
122,2020-05-02,-0.2245650644211452,-0.22657819914618363,-0.21580708026885986
123,2020-05-03,-0.30331250457971165,-0.30528408610633007,-0.2949945330619812
124,2020-05-04,-0.395928060528865,-0.3978599808348501,-0.38788509368896484
125,2020-05-05,-0.42974720447268355,-0.43164117970524885,-0.4216824173927307
126,2020-05-06,-0.3472698418454814,-0.34912620154497087,-0.33894094824790955
127,2020-05-07,-0.1682116134547669,-0.17003061475813286,-0.15957409143447876
128,2020-05-08,0.008797501227332472,0.007014014876950886,0.01759481430053711
129,2020-05-09,0.07646192947931851,0.07471070766609389,0.0852007269859314
130,2020-05-10,0.0038273073052181306,0.0021055534908050177,0.012348771095275879
131,2020-05-11,-0.13970707576207286,-0.1414003289140075,-0.13145577907562256
132,2020-05-12,-0.2444471001401431,-0.24611175380794187,-0.23644036054611206
133,2020-05-13,-0.25146456365332887,-0.2531015643467048,-0.24363118410110474
134,2020-05-14,-0.19379632148383924,-0.19540868895211455,-0.18602317571640015
135,2020-05-15,-0.15406890653361704,-0.15566033071405672,-0.14620840549468994
136,2020-05-16,-0.18217867441838548,-0.18375113172150537,-0.1741122603416443
137,2020-05-17,-0.2510643005757133,-0.25261764190088765,-0.24280595779418945
138,2020-05-18,-0.2889079653681407,-0.2904427652595074,-0.28065353631973267
139,2020-05-19,-0.25229145801793246,-0.25381296737788384,-0.244331955909729
140,2020-05-20,-0.1681825656096619,-0.16970183023557261,-0.16070914268493652
141,2020-05-21,-0.10638640931938598,-0.10791659644662815,-0.09933066368103027
142,2020-05-22,-0.11268523810963288,-0.11423542009335266,-0.10573554039001465
143,2020-05-23,-0.16869156919317357,-0.17026275444350075,-0.16149187088012695
144,2020-05-24,-0.2146070525372185,-0.21619357942504563,-0.2069879174232483
145,2020-05-25,-0.20815492323817741,-0.20974979486806428,-0.2002164125442505
146,2020-05-26,-0.16026302454472222,-0.16186246277936672,-0.15225368738174438
147,2020-05-27,-0.1159762654919613,-0.11757971514743326,-0.10808676481246948
148,2020-05-28,-0.1061626011336981,-0.10776869193412145,-0.09841644763946533
149,2020-05-29,-0.12257901381380099,-0.12418160490665714,-0.11489999294281006
150,2020-05-30,-0.13964622864537288,-0.1412343522936176,-0.13201403617858887
151,2020-05-31,-0.1536601816723684,-0.15522194984622292,-0.146187424659729
152,2020-06-01,-0.19085692665791124,-0.19238390508398145,-0.18370521068572998
153,2020-06-02,-0.2708927813479519,-0.27238121593690595,-0.2641046643257141
154,2020-06-03,-0.36491280952028693,-0.3663612383233933,-0.35832059383392334
155,2020-06-04,-0.40023929687956933,-0.40164528301883773,-0.393543004989624
156,2020-06-05,-0.319358100572279,-0.32071708573583,-0.312311589717865
157,2020-06-06,-0.14197007448508658,-0.14327676420449525,-0.1345246434211731
158,2020-06-07,0.033310198672857005,0.032060099178796625,0.041010260581970215
159,2020-06-08,0.09920301942708559,0.09801290217850905,0.10694420337677002
160,2020-06-09,0.024770236718952232,0.023644364969735293,0.03239893913269043
161,2020-06-10,-0.12057244640992497,-0.12162765329471625,-0.11310374736785889
162,2020-06-11,-0.2271144365680513,-0.2280912593152859,-0.21977496147155762
163,2020-06-12,-0.23591113775169717,-0.23680276364487782,-0.22862446308135986
164,2020-06-13,-0.17998323042867864,-0.18078487710359378,-0.17263096570968628
165,2020-06-14,-0.14194142874443894,-0.14264903703210413,-0.13437116146087646
166,2020-06-15,-0.17166675895391267,-0.17227470416976123,-0.16375529766082764
167,2020-06-16,-0.2420831854734789,-0.2425839586624785,-0.23384010791778564
168,2020-06-17,-0.2813589193825355,-0.2817460670683399,-0.2729763984680176
169,2020-06-18,-0.2460626392139946,-0.24633480323658524,-0.2378283143043518
170,2020-06-19,-0.16314998931958183,-0.1633121082296014,-0.15525227785110474
171,2020-06-20,-0.10241501708609843,-0.10247473052401646,-0.0947834849357605
172,2020-06-21,-0.10963005843065542,-0.1095915629165502,-0.10195189714431763
173,2020-06-22,-0.16639896013631428,-0.16625910573241498,-0.15831714868545532
174,2020-06-23,-0.2129160156464698,-0.2126657586164176,-0.2042616605758667
175,2020-06-24,-0.20689847757832308,-0.2065282664105471,-0.1977725625038147
176,2020-06-25,-0.1592696292532654,-0.15877400197216784,-0.1499226689338684
177,2020-06-26,-0.11507127883095288,-0.1144489021260409,-0.10569661855697632
178,2020-06-27,-0.10516976373994406,-0.10441942118766732,-0.09579455852508545
179,2020-06-28,-0.12132194366949786,-0.12043859761201868,-0.11187469959259033
180,2020-06-29,-0.1379499152059533,-0.1369246587454161,-0.12841570377349854
181,2020-06-30,-0.15135246660301482,-0.15017642935634007,-0.1418502926826477
182,2020-07-01,-0.1877699587604236,-0.18643867093517524,-0.1784685254096985
183,2020-07-02,-0.2668644334719391,-0.26537903326750667,-0.25781428813934326
184,2020-07-03,-0.35978804558192873,-0.35815286322872486,-0.3508302867412567
185,2020-07-04,-0.3938714775210339,-0.39209073164263974,-0.3847154378890991
186,2020-07-05,-0.31161021651156984,-0.3096868227173018,-0.30202001333236694
187,2020-07-06,-0.13271589720113985,-0.13065280051429656,-0.12265348434448242
188,2020-07-07,0.044185058589837914,0.04638320822562944,0.054564058780670166
189,2020-07-08,0.11180015516737901,0.11412716711663463,0.12227070331573486
190,2020-07-09,0.03917759746217034,0.04162758807531512,0.04957395792007446
191,2020-07-10,-0.10428128679492261,-0.10171252988071197,-0.09401893615722656
192,2020-07-11,-0.20888088812062713,-0.20619667771146136,-0.19873404502868652
193,2020-07-12,-0.21569207510575017,-0.21305712595490514,-0.20559722185134888
194,2020-07-13,-0.15775134143892988,-0.15517243406092265,-0.14760255813598633
195,2020-07-14,-0.11768542798873458,-0.11517019026573452,-0.10734272003173828
196,2020-07-15,-0.1453914641589632,-0.14294598566226052,-0.13474386930465698
197,2020-07-16,-0.2138094560461056,-0.21143787125799934,-0.2028786540031433
198,2020-07-17,-0.25112345736201785,-0.24883078720594354,-0.2401130199432373
199,2020-07-18,-0.2139176541013713,-0.21171374822816794,-0.20312631130218506
200,2020-07-19,-0.12916272936656187,-0.12706337152529584,-0.11878937482833862
201,2020-07-20,-0.06666717072912082,-0.06469038949978179,-0.05665111541748047
202,2020-07-21,-0.0722170306425413,-0.07037686478795051,-0.06225442886352539
203,2020-07-22,-0.12742902950399226,-0.12573153820962651,-0.11717098951339722
204,2020-07-23,-0.1725093789800347,-0.17095401288073578,-0.1617942452430725
205,2020-07-24,-0.16518618980749367,-0.1637711009051985,-0.15412122011184692
206,2020-07-25,-0.11639244724063177,-0.11511901632922422,-0.10523319244384766
207,2020-07-26,-0.07117841855263013,-0.0700512313220103,-0.06012248992919922
208,2020-07-27,-0.060417581021325384,-0.05944036070189751,-0.04949498176574707
209,2020-07-28,-0.07587254932180958,-0.07504417095891137,-0.06501346826553345
210,2020-07-29,-0.09196973598622192,-0.0912841392632982,-0.08115983009338379
211,2020-07-30,-0.1050107638941565,-0.10446082854042563,-0.09436821937561035
212,2020-07-31,-0.14123731726105013,-0.14081920592223388,-0.13092905282974243
213,2020-08-01,-0.22031123247053178,-0.22002558628907154,-0.2103845477104187
214,2020-08-02,-0.3133829255759946,-0.3132324459578409,-0.30367451906204224
215,2020-08-03,-0.34777981502729144,-0.34776596736503035,-0.3379935026168823
216,2020-08-04,-0.265992619892366,-0.26611445915620335,-0.2558857202529907
217,2020-08-05,-0.08772673620876606,-0.08798226593399068,-0.07725334167480469
218,2020-08-06,0.08839907707528097,0.08801119331918814,0.09909236431121826
219,2020-08-07,0.1551013530638506,0.15458191077240624,0.1657993197441101
220,2020-08-08,0.08143862135393244,0.08078966878448031,0.09198641777038574
221,2020-08-09,-0.0631762510362065,-0.06395011100554697,-0.05282658338546753
222,2020-08-10,-0.16903499253864868,-0.1699274445783431,-0.15885257720947266
223,2020-08-11,-0.17719478855522608,-0.17820000046520582,-0.16710281372070312
224,2020-08-12,-0.12067753925646932,-0.12179127820334736,-0.11055630445480347
225,2020-08-13,-0.08209460065664795,-0.08331292193000994,-0.07178986072540283
226,2020-08-14,-0.11132705224112177,-0.11264401004362744,-0.10071331262588501
227,2020-08-15,-0.18129831768315086,-0.18270564954788415,-0.17038214206695557
228,2020-08-16,-0.22017547355290662,-0.22166554698665566,-0.20914554595947266
229,2020-08-17,-0.18452547590387486,-0.18609533885704516,-0.17366540431976318
230,2020-08-18,-0.10130167000275067,-0.10295426661605171,-0.09079545736312866
231,2020-08-19,-0.04029524441938159,-0.04203583742210244,-0.03006744384765625
232,2020-08-20,-0.047275138796287336,-0.049105186893895245,-0.03700739145278931
233,2020-08-21,-0.1038412936946724,-0.10575457328525512,-0.09317100048065186
234,2020-08-22,-0.15018361892939683,-0.1521677051162891,-0.13893544673919678
235,2020-08-23,-0.14401454340789316,-0.14605622748653402,-0.13228332996368408
236,2020-08-24,-0.09625212846056685,-0.09834204958198324,-0.084281325340271
237,2020-08-25,-0.051932607921972684,-0.05406532921194414,-0.03990888595581055
238,2020-08-26,-0.041916442275152954,-0.04408647840406353,-0.02985978126525879
239,2020-08-27,-0.057954364701453875,-0.06015228516349932,-0.04578608274459839
240,2020-08-28,-0.07446215168690051,-0.07667457591749319,-0.062159955501556396
241,2020-08-29,-0.08773213618013834,-0.0899456838056936,-0.07540780305862427
242,2020-08-30,-0.12399814888546681,-0.12620384929682876,-0.11181312799453735
243,2020-08-31,-0.2029156882235022,-0.20511023409229118,-0.19091355800628662
244,2020-09-01,-0.2956304150515894,-0.2978137927049961,-0.2836451530456543
245,2020-09-02,-0.32946663006749666,-0.3316388620001768,-0.31720101833343506
246,2020-09-03,-0.24691361361402264,-0.249073612632501,-0.2344382405281067
247,2020-09-04,-0.06767703008096002,-0.06982397627167974,-0.0551336407661438
248,2020-09-05,0.10962237198089986,0.10748731263027657,0.12208384275436401
249,2020-09-06,0.1776974147567474,0.17557121330365869,0.18985718488693237
250,2020-09-07,0.10560120977273366,0.10348078294750265,0.11729848384857178
251,2020-09-08,-0.03726047276318381,-0.03937693468705697,-0.02608126401901245
252,2020-09-09,-0.1411880942798084,-0.14330193265491786,-0.13050466775894165
253,2020-09-10,-0.14724915287926205,-0.14936338845661068,-0.13699465990066528
254,2020-09-11,-0.08847737104211806,-0.09059776185903004,-0.07854342460632324
255,2020-09-12,-0.047497353436945305,-0.049631015037256254,-0.03774183988571167
256,2020-09-13,-0.07420475864703194,-0.07635779658629054,-0.06451553106307983
257,2020-09-14,-0.14153881199395812,-0.14371591874250605,-0.13193678855895996
258,2020-09-15,-0.1776834951061832,-0.17989080054582926,-0.1683722734451294
259,2020-09-16,-0.13922364295016862,-0.14147266073636483,-0.13050252199172974
260,2020-09-17,-0.05313131451599379,-0.05544004649576241,-0.04520058631896973
261,2020-09-18,0.010782900615416036,0.008393659750653745,0.01798194646835327
262,2020-09-19,0.006730129435048943,0.004243038061583035,0.01349872350692749
263,2020-09-20,-0.04690987316118289,-0.04950469737647524,-0.04022634029388428
264,2020-09-21,-0.09034752647329564,-0.09305385596668049,-0.08359086513519287
265,2020-09-22,-0.08131580381089959,-0.08413658430852591,-0.07459771633148193
266,2020-09-23,-0.030753173301974163,-0.033695019531551074,-0.024334251880645752
267,2020-09-24,0.016284035722969742,0.01321090046381114,0.022200703620910645
268,2020-09-25,0.028915752103398945,0.025701604458614566,0.034294307231903076
269,2020-09-26,0.01537228878351074,0.012011936595721778,0.020276427268981934
270,2020-09-27,0.0012197412968222854,-0.002287339593830276,0.0056571364402771
271,2020-09-28,-0.009851360543518817,-0.013504848319136897,-0.006005525588989258
272,2020-09-29,-0.044090834660349576,-0.04789384760360997,-0.04101067781448364
273,2020-09-30,-0.12116886426769222,-0.12512909654184595,-0.11890864372253418
274,2020-10-01,-0.21224434831207295,-0.21637158934840625,-0.2106480598449707
275,2020-10-02,-0.2446532439364486,-0.2489560176572897,-0.24343198537826538
276,2020-10-03,-0.16089478183243794,-0.16537910610586118,-0.15981298685073853
277,2020-10-04,0.019317242245989436,0.014646563883633557,0.020298659801483154
278,2020-10-05,0.19735586768333832,0.19249360242506952,0.19808357954025269
279,2020-10-06,0.26592971072897154,0.26087038352255987,0.266182005405426
280,2020-10-07,0.19408975561643693,0.18882951029307654,0.1937057375907898
281,2020-10-08,0.05124178138158242,0.04577974889098799,0.05016767978668213
282,2020-10-09,-0.05291248663843076,-0.05857496564114412,-0.05465060472488403
283,2020-10-10,-0.05943615618701226,-0.06529766434916998,-0.06176602840423584
284,2020-10-11,-0.0013563467006038887,-0.007416446376944635,-0.004162192344665527
285,2020-10-12,0.0387111451484336,0.03245327968329223,0.03558051586151123
286,2020-10-13,0.010881649005310495,0.0044295734888688265,0.007549405097961426
287,2020-10-14,-0.05777093371069533,-0.06441056956051974,-0.06131303310394287
288,2020-10-15,-0.09541537800268751,-0.10223573357329838,-0.09935671091079712
289,2020-10-16,-0.058619307633563184,-0.06525252369428247,-0.06324326992034912
290,2020-10-17,0.02566434255759456,0.01921628078964896,0.02017498016357422
291,2020-10-18,0.08764591260362628,0.08137961940659913,0.08136868476867676
292,2020-10-19,0.08155914183653953,0.07547597352296417,0.07481539249420166
293,2020-10-20,0.025807942943656736,0.019917889266136052,0.018964290618896484
294,2020-10-21,-0.01979255112372491,-0.025472341941631088,-0.02655583620071411
295,2020-10-22,-0.012948530727611068,-0.01839917073946956,-0.01971989870071411
296,2020-10-23,0.035429374143944176,0.03022387220164302,0.02841329574584961
297,2020-10-24,0.08031354138059893,0.0753661716221044,0.07287395000457764
298,2020-10-25,0.09085328063028333,0.08617799242858867,0.08297908306121826
299,2020-10-26,0.07530875565170486,0.07092431864779272,0.0670885443687439
300,2020-10-27,0.059276172507662234,0.05520614213396935,0.0507427453994751
301,2020-10-28,0.04647621567677632,0.04274493599952994,0.03752923011779785
302,2020-10-29,0.010689046663783175,0.007317186509172818,0.0011791586875915527
303,2020-10-30,-0.06772593520248871,-0.07072269724457836,-0.07782942056655884
304,2020-10-31,-0.15989866558284083,-0.16250733992360175,-0.17041653394699097
305,2020-11-01,-0.19313697910494976,-0.19534408264363856,-0.20375806093215942
306,2020-11-02,-0.10991304379553357,-0.11170353524563864,-0.12038064002990723
307,2020-11-03,0.07008513234257588,0.06872638852762122,0.059829652309417725
308,2020-11-04,0.24825489204437887,0.24734131479657498,0.23807650804519653
309,2020-11-05,0.3173274681432439,0.3168707857048234,0.30702143907546997
310,2020-11-06,0.24637458094205253,0.2463865382748096,0.23579484224319458
311,2020-11-07,0.10482068135701145,0.10531426320920939,0.09392642974853516
312,2020-11-08,0.00238393020911018,0.003372448207034001,-0.008788049221038818
313,2020-11-09,-0.0019847405668144413,-0.0004899056846595362,-0.013353109359741211
314,2020-11-10,0.05869904809575488,0.060708480287806066,0.04725617170333862
315,2020-11-11,0.1018283266858086,0.10435880373388201,0.09046626091003418
316,2020-11-12,0.07752446676661609,0.08058285842992166,0.06636780500411987
317,2020-11-13,0.012864529753868897,0.01645841941161441,0.0019040107727050781
318,2020-11-14,-0.0203200598924283,-0.016185335938445955,-0.03127741813659668
319,2020-11-15,0.02140025317864716,0.0260748463604967,0.010156214237213135
320,2020-11-16,0.11106665247147965,0.1162726391434991,0.09934413433074951
321,2020-11-17,0.17888051503945718,0.18460550308267507,0.1667456030845642
322,2020-11-18,0.17906353556383073,0.1852973659130224,0.166823148727417
323,2020-11-19,0.13000452046900934,0.13674318218305026,0.11800843477249146
324,2020-11-20,0.0915004753552775,0.09874467111492902,0.07990944385528564
325,2020-11-21,0.10582412233723187,0.11357390688499923,0.0945274829864502
326,2020-11-22,0.16204086481325936,0.17029107826122827,0.15077757835388184
327,2020-11-23,0.21509633586036664,0.22383660115379142,0.20366114377975464
328,2020-11-24,0.23411044232056763,0.243329219370166,0.2224631905555725
329,2020-11-25,0.22731142603114185,0.23699999770912714,0.2155095934867859
330,2020-11-26,0.22026120881654843,0.2304137820897238,0.20830458402633667
331,2020-11-27,0.21664400241361711,0.22725386067534026,0.20439773797988892
332,2020-11-28,0.1902014969069787,0.20125669863072895,0.1774798035621643
333,2020-11-29,0.12125282622994102,0.13273506460220308,0.10798746347427368
334,2020-11-30,0.038626213696511036,0.05051330355874503,0.02495753765106201
335,2020-12-01,0.014970638677690995,0.027239894717623975,0.0011698603630065918
336,2020-12-02,0.1077696437022789,0.1203991495974486,0.09405303001403809
337,2020-12-03,0.2972900787809385,0.3102574352864272,0.28367501497268677
338,2020-12-04,0.4848835508176487,0.4981642831424279,0.4711936116218567
339,2020-12-05,0.5632352278112083,0.5768030346747344,0.5492240786552429
340,2020-12-06,0.5013707055301952,0.5151993931862942,0.4868507981300354
341,2020-12-07,0.3686685226879408,0.38273345665858105,0.3535582423210144
342,2020-12-08,0.27480141323783586,0.2890788346707726,0.25909727811813354
343,2020-12-09,0.27867563978815774,0.2931406360903164,0.26241928339004517
344,2020-12-10,0.3472319392537659,0.3618575007288542,0.3305070996284485
345,2020-12-11,0.3978209924434232,0.4125795019884404,0.3807458281517029
346,2020-12-12,0.380523372929469,0.39538907814448176,0.3631872534751892
347,2020-12-13,0.32237714725372246,0.3373266621994775,0.3047371506690979
348,2020-12-14,0.295176790094659,0.31018633689438097,0.2770082354545593
349,2020-12-15,0.3423171830278412,0.35735873048273664,0.32330089807510376
350,2020-12-16,0.43680733010153316,0.45184756662338665,0.41672438383102417
351,2020-12-17,0.5088191274868556,0.5238232257185828,0.4877108931541443
352,2020-12-18,0.5125476763704208,0.5274855999032331,0.4906995892524719
353,2020-12-19,0.46635824918283525,0.48120881078621036,0.44410091638565063
354,2020-12-20,0.4300275312639812,0.444777086434838,0.4075060486793518
355,2020-12-21,0.44581127350992406,0.46044847096365954,0.42290204763412476
356,2020-12-22,0.5027613725927861,0.5172726828291951,0.4791937470436096
357,2020-12-23,0.5558135141505806,0.5701833046947649,0.5313757061958313
358,2020-12-24,0.5740812903489159,0.5882959396025453,0.5487300753593445
359,2020-12-25,0.5657903127390624,0.5798422371729035,0.5395837426185608
360,2020-12-26,0.5565035866482039,0.5703913642629832,0.5294451117515564
361,2020-12-27,0.5499101280422736,0.5636346539327473,0.5218718647956848
362,2020-12-28,0.5197601363463538,0.5333203053864617,0.4905669093132019
363,2020-12-29,0.44638492183649503,0.45977645316047383,0.41598206758499146
364,2020-12-30,0.3586284907877093,0.37184636053704223,0.32717353105545044
365,2020-12-31,0.3291591298361277,0.34220087637454333,0.2969436049461365
366,2021-01-01,0.41548310934780464,0.4283500110293672,0.38274627923965454
367,2021-01-02,0.5978933032268333,0.6105890172094883,0.5646790862083435
368,2021-01-03,0.7777704938136086,0.7902993368778344,0.7439314723014832
369,2021-01-04,0.8478320124879826,0.8601990669782613,0.8131535649299622
370,2021-01-05,0.7771384246953953,0.7893513137041113,0.7414675354957581
371,2021-01-06,0.6351058465826549,0.6471760120526976,0.5983973145484924
372,2021-01-07,0.5314469831328605,0.5433888148210655,0.493736207485199
373,2021-01-08,0.5251102331677664,0.5369388392381456,0.48647934198379517
374,2021-01-09,0.5830803937996722,0.5948104459725098,0.5436556935310364
375,2021-01-10,0.6227538775771676,0.6344008791598088,0.582697331905365
376,2021-01-11,0.5942583992973719,0.6058409267869902,0.5537043213844299
377,2021-01-12,0.5246803062125285,0.5362202730976837,0.4836319088935852
378,2021-01-13,0.48586321699099383,0.4973828713879095,0.44414252042770386
379,2021-01-14,0.5212517398403139,0.5327695546103763,0.47858697175979614
380,2021-01-15,0.6039049048004608,0.6154342989579926,0.5601248145103455
381,2021-01-16,0.6640446492887009,0.6755974995935643,0.6192378401756287
382,2021-01-17,0.6559158478703572,0.6675085425462531,0.6104149222373962
383,2021-01-18,0.5979329981541619,0.6095902436797447,0.5521153807640076
384,2021-01-19,0.5499211866950069,0.5616744529935402,0.503977358341217
385,2021-01-20,0.5541834721903133,0.5647829356675811,0.5080347657203674
386,2021-01-21,0.5998177042664702,0.6092926659813064,0.5532369017601013
387,2021-01-22,0.6418039148945102,0.6501800818629049,0.5946210026741028
388,2021-01-23,0.6492981953996236,0.6566015730290194,0.601510226726532
389,2021-01-24,0.6305665815013878,0.6368272895341562,0.5822698473930359
390,2021-01-25,0.6112102140079291,0.6164624101532882,0.5624440312385559
391,2021-01-26,0.5949537574224992,0.5992316056893383,0.5456237196922302
392,2021-01-27,0.555580391140162,0.5589135709839864,0.5055426955223083
393,2021-01-28,0.47345157293579565,0.4758639449012757,0.42267972230911255
394,2021-01-29,0.3774384788916588,0.3789503741318056,0.32611554861068726
395,2021-01-30,0.3402334620529984,0.34086486073764316,0.288673460483551
396,2021-01-31,0.41936365030553124,0.4191352497088903,0.36782532930374146
397,2021-02-01,0.5951394814767522,0.5940712428312287,0.5436829924583435
398,2021-02-02,0.7689559447242507,0.7670653002815446,0.7174471020698547
399,2021-02-03,0.8335411791084177,0.8308430828910803,0.7817749381065369
400,2021-02-04,0.757963138204027,0.7544718048146328,0.7057930827140808
401,2021-02-05,0.6116419079192335,0.6073720732117276,0.5590257048606873
402,2021-02-06,0.5042907672604018,0.49925681882500716,0.4512636065483093
403,2021-02-07,0.4948553371058413,0.48906910522656966,0.44149595499038696
404,2021-02-08,0.5503143491368725,0.5437839909204654,0.4967420697212219
405,2021-02-09,0.5880549475895813,0.5807862722486743,0.5344218611717224
406,2021-02-10,0.5581924800914234,0.5501912656166428,0.5046195387840271
407,2021-02-11,0.4877979504763269,0.479070299759269,0.43427222967147827
408,2021-02-12,0.44869679798335727,0.43924624535656603,0.3950212597846985
409,2021-02-13,0.4843127721727635,0.47413629824348347,0.43019360303878784
410,2021-02-14,0.5676815373996844,0.5567684301221439,0.5129228234291077
411,2021-02-15,0.6289993446487272,0.6173348645771042,0.5736629366874695
412,2021-02-16,0.622483260352291,0.6100548609812263,0.5668722987174988
413,2021-02-17,0.5665180626462478,0.5533193756777166,0.5109781622886658
414,2021-02-18,0.5208974274522686,0.5069268971396625,0.4655861258506775
415,2021-02-19,0.5278915401032468,0.5131471285600109,0.4726946949958801
416,2021-02-20,0.5765641492103442,0.5610388340000386,0.5212178826332092
417,2021-02-21,0.6218601981655523,0.6055420308755206,0.566156804561615
418,2021-02-22,0.6328999455876079,0.6157761633415868,0.5767970681190491
419,2021-02-23,0.6179130954709258,0.5999741600500701,0.5614669919013977
420,2021-02-24,0.6024642029926441,0.583703950349503,0.5456735491752625
421,2021-02-25,0.5902413365750501,0.5706531723534687,0.5329709649085999
422,2021-02-26,0.5549913092485063,0.5345639450272925,0.4970560669898987
423,2021-02-27,0.47703967741424913,0.455756021974325,0.41837209463119507
424,2021-02-28,0.3852224096054372,0.363062081241958,0.32596462965011597
425,2021-03-01,0.35219756603652386,0.3291402896003176,0.29262346029281616
426,2021-03-02,0.4354591080089051,0.4114859961780417,0.37578779458999634
427,2021-03-03,0.6152856338204225,0.5903779404481192,0.5555384755134583
428,2021-03-04,0.7930418089789025,0.7671793347729697,0.7330471873283386
429,2021-03-05,0.8614271404432962,0.8345884733374866,0.8009437918663025
430,2021-03-06,0.7894828026792488,0.761647236210192,0.7283293604850769
431,2021-03-07,0.6466041017343782,0.6177530642513528,0.5847052931785583
432,2021-03-08,0.5424816662302471,0.5125980079932881,0.47984129190444946
433,2021-03-09,0.5360407096015578,0.505106637617983,0.47270816564559937
434,2021-03-10,0.5942418951348118,0.5622379877151918,0.5303093791007996
435,2021-03-11,0.634456715997308,0.601363364391163,0.5700512528419495
436,2021-03-12,0.6067873461706116,0.5725871729922274,0.5420072674751282
437,2021-03-13,0.5382941349784363,0.502972437061215,0.4731060862541199
438,2021-03-14,0.5007944095304339,0.46433633585500605,0.43498367071151733
439,2021-03-15,0.5377063544727496,0.5000929768282103,0.4709635376930237
440,2021-03-16,0.6220626030653587,0.5832698172749361,0.5541790127754211
441,2021-03-17,0.6813953727859939,0.6440610933496067,0.6150864958763123
442,2021-03-18,0.6725871601202623,0.6366905395924589,0.6081481575965881
443,2021-03-19,0.61402705635285,0.5795559690094593,0.5517987608909607
444,2021-03-20,0.5655153566180181,0.5324650111728454,0.5056527256965637
445,2021-03-21,0.5693310741240056,0.537698682689651,0.5117201209068298
446,2021-03-22,0.6145488820504866,0.5843291071378964,0.5589280724525452
447,2021-03-23,0.656126619505661,0.6273115683294933,0.602293074131012
448,2021-03-24,0.6631992739268325,0.6357825326189284,0.6111182570457458
449,2021-03-25,0.6440129618414372,0.6179935449656508,0.5937498211860657
450,2021-03-26,0.6241501751726943,0.5995325741200981,0.5757154822349548
451,2021-03-27,0.6073182749793148,0.5841085417159486,0.5605905652046204
452,2021-03-28,0.5672845470144597,0.5454859088164744,0.5220939517021179
453,2021-03-29,0.48439601859709797,0.46400763904071546,0.4406927227973938
454,2021-03-30,0.3875109407976874,0.36853029403688553,0.34545594453811646
455,2021-03-31,0.34931027818207966,0.33173640124561554,0.30919796228408813
456,2021-04-01,0.4273113266158137,0.41114595030009027,0.38938242197036743
457,2021-04-02,0.6018162572352803,0.5870624045352884,0.5661153197288513
458,2021-04-03,0.7742133558135346,0.7608735892559548,0.7405925393104553
459,2021-04-04,0.8372256086650872,0.8253021100172555,0.8054686188697815
460,2021-04-05,0.7599173442581474,0.7494136710371178,0.7298687100410461
461,2021-04-06,0.6117065180790955,0.6026288707877372,0.58331698179245
462,2021-04-07,0.5023057309356767,0.49466207916261845,0.4756057858467102
463,2021-04-08,0.49066132626095216,0.48445918455032017,0.46572715044021606
464,2021-04-09,0.5437540991262128,0.5389993856213562,0.5207046866416931
465,2021-04-10,0.578974530234021,0.5756728564391732,0.5579636693000793
466,2021-04-11,0.5464425018085075,0.5446014441168419,0.5275953412055969
467,2021-04-12,0.4732346689689122,0.47286407048162826,0.4565442204475403
468,2021-04-13,0.4311831517230087,0.4322921658337827,0.41646021604537964
469,2021-04-14,0.46371931766484226,0.46631235183555614,0.4506799578666687
470,2021-04-15,0.5438872900018831,0.5479627882609978,0.5323472619056702
471,2021-04-16,0.6018925195107723,0.6074465422355141,0.5919271111488342
472,2021-04-17,0.5919619108480025,0.5989942633846044,0.5838893055915833
473,2021-04-18,0.5324906144894223,0.5410087351209463,0.5266733765602112
474,2021-04-19,0.4832831074896651,0.4933005995920565,0.4798967242240906
475,2021-04-20,0.4866206995953146,0.49815193057247953,0.48557049036026
476,2021-04-21,0.531578482190198,0.5446339712180859,0.5326213240623474
477,2021-04-22,0.5731128562478696,0.5876992202470701,0.5760626196861267
478,2021-04-23,0.5803555513495047,0.5964795018589918,0.5851930975914001
479,2021-04-24,0.5615476572431646,0.5792199235769561,0.5683527588844299
480,2021-04-25,0.5422649345900901,0.5615002967645224,0.5510609745979309
481,2021-04-26,0.5262063861461735,0.5451387134866684,0.5368832945823669
482,2021-04-27,0.48712940202186283,0.5057693544121507,0.49952763319015503
483,2021-04-28,0.40536967768996296,0.423722442052536,0.4194480776786804
484,2021-04-29,0.3097728078348929,0.3278404980618687,0.3256998658180237
485,2021-04-30,0.2730058973015591,0.29079084152142526,0.29108184576034546
486,2021-05-01,0.3525713086026888,0.3700772238462423,0.37304216623306274
487,2021-05-02,0.5287553429752256,0.5459859856135458,0.5516692996025085
488,2021-05-03,0.7029296230669416,0.7198870957655509,0.7281412482261658
489,2021-05-04,0.7677998271943045,0.7844847251919591,0.7950941920280457
490,2021-05-05,0.6924124831167874,0.7088257235485422,0.7216343283653259
491,2021-05-06,0.5461674076261747,0.5623115750794659,0.5766621232032776
492,2021-05-07,0.43875888087780307,0.45463743655310834,0.4687836766242981
493,2021-05-08,0.4291148997665516,0.4447300443621565,0.4587436318397522
494,2021-05-09,0.48419804180914067,0.49954966433331693,0.513546884059906
495,2021-05-10,0.5213808515641594,0.536467911609658,0.5505997538566589
496,2021-05-11,0.4907657053130694,0.5055885986315213,0.5199752449989319
497,2021-05-12,0.4194123264096274,0.43397328150422465,0.4486009478569031
498,2021-05-13,0.37913661532139387,0.3934368317366391,0.40810972452163696
499,2021-05-14,0.41335456337554477,0.4273902493313604,0.44182294607162476
500,2021-05-15,0.49509588383180564,0.5088571309773016,0.5228694081306458
501,2021-05-16,0.5545526979411067,0.5680271510614262,0.5817009806632996
502,2021-05-17,0.5459397655682077,0.5591188381045494,0.5727747082710266
503,2021-05-18,0.4876413708625082,0.5005242160992169,0.5145196318626404
504,2021-05-19,0.43945248549412336,0.4520446076409889,0.46654337644577026
505,2021-05-20,0.44364634538651954,0.4559542725822298,0.4708496928215027
506,2021-05-21,0.4892914579345672,0.5013181986872856,0.5163581967353821
507,2021-05-22,0.5313391754852876,0.5430842275107081,0.5580781102180481
508,2021-05-23,0.5389177468494786,0.5503811505771462,0.5653043389320374
509,2021-05-24,0.5202663681362335,0.5314526799239938,0.5463758111000061
510,2021-05-25,0.5009604994768079,0.5118788677408412,0.5268115401268005
511,2021-05-26,0.48470042891399184,0.4953607092596677,0.5101791024208069
512,2021-05-27,0.4452463972346387,0.4556548018244757,0.4701893925666809
513,2021-05-28,0.362938482655184,0.3730963786744424,0.387301504611969
514,2021-05-29,0.2666281487907812,0.2765344726316705,0.29057687520980835
515,2021-05-30,0.2289897976101962,0.23864434909263896,0.2528223395347595
516,2021-05-31,0.3075344473680379,0.31693906416153145,0.3314947485923767
517,2021-06-01,0.4825583331313106,0.49171553391277883,0.5066931843757629
518,2021-06-02,0.6554441986912141,0.6643554760033933,0.6796068549156189
519,2021-06-03,0.718909930595476,0.727575876490816,0.7428852915763855
520,2021-06-04,0.642015243102531,0.6504373516214457,0.665647566318512
521,2021-06-05,0.4941740012923098,0.5023559813434155,0.5174134373664856
522,2021-06-06,0.3850952722404196,0.39304221867882616,0.40797120332717896
523,2021-06-07,0.3737224496044334,0.3814386630938278,0.3963093161582947
524,2021-06-08,0.4270339841494937,0.4345218725145656,0.4494484066963196
525,2021-06-09,0.4624186333702377,0.4696800425102948,0.48481184244155884
526,2021-06-10,0.4299951870573888,0.43703371182217776,0.45248883962631226
527,2021-06-11,0.35683984237430943,0.3636611657064909,0.3794233202934265
528,2021-06-12,0.3147848936156848,0.32139386524204067,0.3372651934623718
529,2021-06-13,0.3472625068233618,0.35365911975743813,0.369351327419281
530,2021-06-14,0.42731821401361647,0.4334964172671022,0.4488266110420227
531,2021-06-15,0.48515946579819014,0.49111077175770407,0.5061575770378113
532,2021-06-16,0.47501573306344946,0.4807353710120239,0.4958166480064392
533,2021-06-17,0.4152852692408495,0.4207760954878832,0.4362460970878601
534,2021-06-18,0.36577615669062946,0.37104720613377545,0.38706642389297485
535,2021-06-19,0.3687737740694561,0.3738348757902348,0.3902931809425354
536,2021-06-20,0.4133577025605079,0.4182148815212239,0.4348568320274353
537,2021-06-21,0.45448920755694056,0.4591446418819278,0.47577589750289917
538,2021-06-22,0.461305208299041,0.4657612349006486,0.4823538661003113
539,2021-06-23,0.44205225741960225,0.44631530146126464,0.4629361033439636
540,2021-06-24,0.42231179752945003,0.42639240934492717,0.44304758310317993
541,2021-06-25,0.4057886765979896,0.4096976125196877,0.42625969648361206
542,2021-06-26,0.36624623628837155,0.3699900789416897,0.3862859606742859
543,2021-06-27,0.2840261724416968,0.2876061056371147,0.3035866618156433
544,2021-06-28,0.18798007132726835,0.19139427639080286,0.20722264051437378
545,2021-06-29,0.15078096344227648,0.1540279014687833,0.16999906301498413
546,2021-06-30,0.22993701483014925,0.233016595136174,0.2493693232536316
547,2021-07-01,0.4057401534218052,0.40865237678994704,0.4254276156425476
548,2021-07-02,0.5795673989599714,0.582310656641182,0.5993573069572449
549,2021-07-03,0.6441295469264409,0.6467007584318425,0.6637998223304749
550,2021-07-04,0.5684779148534685,0.5708743484768873,0.5878657698631287
551,2021-07-05,0.4220167377452918,0.4242373472230718,0.44106513261795044
552,2021-07-06,0.3144443019169226,0.31648892680829743,0.3331746459007263
553,2021-07-07,0.3046921619141777,0.3065593820254149,0.32317084074020386
554,2021-07-08,0.35972597228223036,0.3614120485312074,0.37806159257888794
555,2021-07-09,0.39692084650633264,0.39842109594398756,0.41525572538375854
556,2021-07-10,0.3663811990652622,0.36769235405897566,0.38482874631881714
557,2021-07-11,0.29516824321467716,0.29628884266440714,0.3137090802192688
558,2021-07-12,0.2550988086544346,0.25602633205566383,0.27353113889694214
559,2021-07-13,0.2895892482057305,0.29031615032414493,0.30761629343032837
560,2021-07-14,0.37166906716210063,0.3721816511935618,0.3890933394432068
561,2021-07-15,0.4315296129855773,0.43181170011338693,0.44841307401657104
562,2021-07-16,0.4233843148833964,0.42342346115073654,0.4400319457054138
563,2021-07-17,0.36561558365388525,0.36540705404242,0.38237661123275757
564,2021-07-18,0.3180159941956731,0.3175613781540548,0.3350529074668884
565,2021-07-19,0.32285588641500385,0.32215777685780467,0.34006136655807495
566,2021-07-20,0.3692004013102841,0.3682578585765971,0.38631874322891235
567,2021-07-21,0.41199708773761085,0.4108056574226881,0.42882996797561646
568,2021-07-22,0.42036999132436864,0.4189257681877958,0.436886727809906
569,2021-07-23,0.4025537464784721,0.4008573593820891,0.4188230633735657
570,2021-07-24,0.3841189376928599,0.38217563867137516,0.4001538157463074
571,2021-07-25,0.36876071100311303,0.3665765044307008,0.384441077709198
572,2021-07-26,0.33023394895932007,0.32781125591081894,0.34539109468460083
573,2021-07-27,0.24887320755307457,0.24620968006839578,0.2634574770927429
574,2021-07-28,0.15352431806760064,0.15061526977582645,0.16769647598266602
575,2021-07-29,0.11685599505453037,0.11369771229977149,0.1309095025062561
576,2021-07-30,0.19637356993156097,0.19296450338060772,0.21054810285568237
577,2021-07-31,0.37236764731364175,0.36896204795149645,0.38670581579208374
578,2021-08-01,0.546215452354087,0.5428117303823655,0.5605675578117371
579,2021-08-02,0.6106295193249807,0.6072253622265132,0.6247765421867371
580,2021-08-03,0.5346644297399552,0.5312586211049258,0.5484482645988464
581,2021-08-04,0.38772918675719753,0.38432293480140106,0.40109783411026
582,2021-08-05,0.27952831530177213,0.27612443867589775,0.2925090193748474
583,2021-08-06,0.2690010327924003,0.2656017940765304,0.28166693449020386
584,2021-08-07,0.323122022571341,0.3197280419769206,0.33558887243270874
585,2021-08-08,0.35927672279068534,0.3558883199655042,0.3716948628425598
586,2021-08-09,0.32758108721654755,0.3242006013899106,0.3400725722312927
587,2021-08-10,0.2551089911890748,0.25174112781091273,0.26766330003738403
588,2021-08-11,0.21369094759747487,0.21033986261690593,0.2261161208152771
589,2021-08-12,0.24675790278065993,0.24342318270707833,0.25876671075820923
590,2021-08-13,0.3273547468865844,0.32403022292814787,0.3387603163719177
591,2021-08-14,0.38568887729630585,0.38236623194928226,0.39656347036361694
592,2021-08-15,0.37599030563903596,0.37266522314402273,0.3866496682167053
593,2021-08-16,0.3166584198557124,0.31333449094226157,0.32746225595474243
594,2021-08-17,0.2675030247858899,0.2641902905084509,0.27862483263015747
595,2021-08-18,0.27081179817135903,0.26752135544003564,0.28215473890304565
596,2021-08-19,0.31566718001228655,0.3124065709103094,0.3269861340522766
597,2021-08-20,0.35703383197640515,0.35380698639438657,0.3681407570838928
598,2021-08-21,0.3640525795264231,0.36086380394343426,0.37492674589157104
599,2021-08-22,0.34497435892181233,0.34183224691775876,0.3556937575340271
600,2021-08-23,0.325385436485185,0.3223028847174742,0.33597224950790405
601,2021-08-24,0.3089958821759039,0.3059861484083839,0.31933850049972534
602,2021-08-25,0.26957461198246574,0.266646910879087,0.27951210737228394
603,2021-08-26,0.18746919869184947,0.184627450681334,0.19695907831192017
604,2021-08-27,0.09153735508051752,0.08878255532520823,0.10074669122695923
605,2021-08-28,0.054458431746428615,0.051791903908870784,0.06368619203567505
606,2021-08-29,0.13374705003816967,0.13117158534600204,0.14323776960372925
607,2021-08-30,0.30970166808180005,0.30722013851997343,0.31950169801712036
608,2021-08-31,0.4837058489938307,0.48131947583871526,0.49366825819015503
609,2021-09-01,0.5484768822419905,0.5461853432264884,0.5583845973014832
610,2021-09-02,0.47307246709214307,0.47087568640726124,0.48276811838150024
611,2021-09-03,0.326903045428078,0.3248025002369166,0.3363346457481384
612,2021-09-04,0.21967287382231096,0.2176707651414646,0.22886639833450317
613,2021-09-05,0.21031918009096173,0.20841625863446928,0.21934562921524048
614,2021-09-06,0.26581293665682026,0.2640074163091486,0.27478474378585815
615,2021-09-07,0.3035341636019975,0.3018230705015391,0.3125978112220764
616,2021-09-08,0.2735917178824051,0.2719732253788396,0.28286367654800415
617,2021-09-09,0.20305074184048752,0.20152453944551696,0.2125146985054016
618,2021-09-10,0.16373143566618864,0.16229584304894612,0.17318838834762573
619,2021-09-11,0.1990529233879207,0.19770090740317953,0.20820802450180054
620,2021-09-12,0.2820468464988152,0.28076487932873384,0.2907044291496277
621,2021-09-13,0.34290602328292485,0.3416777397933742,0.35112911462783813
622,2021-09-14,0.3358446637206587,0.3346570691190839,0.34393900632858276
623,2021-09-15,0.2792452506951163,0.2780926885279138,0.28756028413772583
624,2021-09-16,0.23289971013242103,0.23178247498936863,0.24159759283065796
625,2021-09-17,0.2390770060505671,0.23799602309536258,0.24804967641830444
626,2021-09-18,0.2868401774400433,0.2857924703289277,0.2958306670188904
627,2021-09-19,0.33113395260026446,0.33011266874692324,0.3399425148963928
628,2021-09-20,0.3410788524521749,0.3400773378595455,0.3496723771095276
629,2021-09-21,0.324905303770517,0.323921102370982,0.33335012197494507
630,2021-09-22,0.30817902847458867,0.3072139890401037,0.3164849877357483
631,2021-09-23,0.29458968972708577,0.29364611624207226,0.3026333451271057
632,2021-09-24,0.25788610801995404,0.2569624485156126,0.2654950022697449
633,2021-09-25,0.17839624546295776,0.17748593389245196,0.18551677465438843
634,2021-09-26,0.08495886095838773,0.08405277841141878,0.09174740314483643
635,2021-09-27,0.05023517712281089,0.04932499633648335,0.05698055028915405
636,2021-09-28,0.13172267806762483,0.13080209100079565,0.13865995407104492
637,2021-09-29,0.30970383469979024,0.30876725127593224,0.31687062978744507
638,2021-09-30,0.4855475253423291,0.4845884238660134,0.49278897047042847
639,2021-10-01,0.5519578013743165,0.5509689132213458,0.5590502619743347
640,2021-10-02,0.47798070561583345,0.47695587773907744,0.484760582447052
641,2021-10-03,0.33301672960218204,0.3319522978967023,0.3394271731376648
642,2021-10-04,0.22676199854175663,0.22565601932765628,0.23282521963119507
643,2021-10-05,0.21814752818597632,0.21699765784876682,0.22393196821212769
644,2021-10-06,0.2741400850218628,0.2729425399665268,0.27975696325302124
645,2021-10-07,0.3121175618384276,0.3108685062784368,0.3177129626274109
646,2021-10-08,0.28218882441962956,0.2808867358572373,0.28788048028945923
647,2021-10-09,0.21142120187433447,0.21006726204207146,0.2171953320503235
648,2021-10-10,0.17163928475075813,0.17023450677589932,0.17730051279067993
649,2021-10-11,0.20626880012214865,0.2048100496758825,0.2115272879600525
650,2021-10-12,0.2883501974768708,0.2868290458275352,0.29301661252975464
651,2021-10-13,0.3480872833280768,0.3464936503054194,0.35223227739334106
652,2021-10-14,0.3397073943968282,0.3380357323282042,0.3436451554298401
653,2021-10-15,0.2816082201910601,0.27986144889093323,0.2856985926628113
654,2021-10-16,0.23359889784169294,0.23178697513449906,0.23801463842391968
655,2021-10-17,0.23796751551669051,0.23610206559420646,0.24261289834976196
656,2021-10-18,0.2837980418206667,0.28188776324614195,0.2884290814399719
657,2021-10-19,0.32605781739455386,0.3241084400297396,0.3304888606071472
658,2021-10-20,0.3338915209497345,0.33190980440856116,0.3381041884422302
659,2021-10-21,0.31555513151296527,0.31355278053017543,0.3196311593055725
660,2021-10-22,0.2966411539508159,0.2946348342343661,0.30060654878616333
661,2021-10-23,0.2808670895656877,0.27887448059062514,0.28461533784866333
662,2021-10-24,0.24201046607056156,0.24004584643174376,0.24538582563400269
663,2021-10-25,0.16042862638249755,0.15850160695423654,0.1633949875831604
664,2021-10-26,0.06499018021945602,0.0631080521347484,0.06772106885910034
665,2021-10-27,0.028386460726241458,0.026557422887191484,0.03118842840194702
666,2021-10-28,0.10814510667996013,0.10637937335721653,0.11127018928527832
667,2021-10-29,0.2845785684161811,0.28288694586284674,0.28808170557022095
668,2021-10-30,0.45908530679993664,0.45747742023058474,0.46282821893692017
669,2021-10-31,0.5243983364961304,0.5228826908947816,0.5281735062599182
670,2021-11-01,0.449591822840284,0.44817754201628757,0.4532511830329895
671,2021-11-02,0.3040933200319129,0.3027913978504692,0.3075947165489197
672,2021-11-03,0.19762474103089706,0.19644715296045787,0.20100420713424683
673,2021-11-04,0.1891414049394611,0.18812241911728436,0.19248026609420776
674,2021-11-05,0.2456326948286881,0.2447806225303351,0.24905353784561157
675,2021-11-06,0.284497239556899,0.28381926314164224,0.28815680742263794
676,2021-11-07,0.2558625767874051,0.255367012662301,0.2598876357078552
677,2021-11-08,0.18681247111460206,0.1865090645627151,0.19119662046432495
678,2021-11-09,0.1491855527637319,0.1490825161535133,0.153739333152771
679,2021-11-10,0.18641904731115982,0.1865190001617237,0.19085711240768433
680,2021-11-11,0.2715622314067754,0.2718609808942606,0.2756977677345276
681,2021-11-12,0.33482495348198094,0.3353150740069301,0.3387295603752136
682,2021-11-13,0.3304377102539733,0.3311146736870262,0.3344249129295349
683,2021-11-14,0.2767983906940244,0.2776644578755356,0.28122478723526
684,2021-11-15,0.23371331104652218,0.23477606944959034,0.23874741792678833
685,2021-11-16,0.24346467782338627,0.2447316480415651,0.249004065990448
686,2021-11-17,0.2951274966490891,0.29660152980948995,0.30091971158981323
687,2021-11-18,0.3436570635145312,0.34533629910640246,0.34950608015060425
688,2021-11-19,0.35818295086779894,0.3600648277277262,0.3640581965446472
689,2021-11-20,0.3469430103846431,0.34902820628633896,0.3529122471809387
690,2021-11-21,0.33550865940824304,0.33780114280617174,0.34158188104629517
691,2021-11-22,0.3275734326273358,0.3300765629131258,0.33362656831741333
692,2021-11-23,0.2968881129425663,0.2996002846535287,0.3027462363243103
693,2021-11-24,0.2237806404650033,0.22669408643623493,0.22938674688339233
694,2021-11-25,0.1370877029912862,0.14019092312996567,0.14259308576583862
695,2021-11-26,0.1094663494278525,0.11274742941191213,0.11515390872955322
696,2021-11-27,0.19840774580982384,0.20185556578577468,0.20450454950332642
697,2021-11-28,0.38418587105218605,0.3877887927042252,0.39072078466415405
698,2021-11-29,0.568158920624994,0.571903133345643,0.5749663710594177
699,2021-11-30,0.643018068168083,0.646887777109892,0.6498627066612244
700,2021-12-01,0.577794293015699,0.5817735927000389,0.5844992995262146
701,2021-12-02,0.4418708599220304,0.4459451265340294,0.44836491346359253
702,2021-12-03,0.3449245398620754,0.34907968952677204,0.3512139916419983
703,2021-12-04,0.34586491610534814,0.35008531917101726,0.352000892162323
704,2021-12-05,0.41163530688922656,0.4159027903104016,0.4177106022834778
705,2021-12-06,0.45958821653768783,0.4638835017638966,0.46572965383529663
706,2021-12-07,0.4398052705109539,0.444110396572033,0.4461098313331604
707,2021-12-08,0.37932480653608247,0.3836235858783449,0.3857570290565491
708,2021-12-09,0.3499407855114036,0.3542160030812448,0.3562825322151184
709,2021-12-10,0.39504679086177696,0.39927630388472274,0.4009849429130554
710,2021-12-11,0.4876497495571379,0.49180542557190443,0.4929705262184143
711,2021-12-12,0.557918712037352,0.5619701627861589,0.5626680254936218
712,2021-12-13,0.5600451801461646,0.5639660419339639,0.5645119547843933
713,2021-12-14,0.5123900930737286,0.5161620631890561,0.5169077515602112
714,2021-12-15,0.4747250932881102,0.47833660643879966,0.4794406294822693
715,2021-12-16,0.4893002078463107,0.49274117434948916,0.49409133195877075
716,2021-12-17,0.5451609614890905,0.5484182884343957,0.5497569441795349
717,2021-12-18,0.5972360567137183,0.6002937207542178,0.6014249920845032
718,2021-12-19,0.6146315319740888,0.617474695702452,0.618368923664093
719,2021-12-20,0.6055649186856675,0.6081839653164356,0.6089063286781311
720,2021-12-21,0.5955906629735054,0.597981332216884,0.5985365509986877
721,2021-12-22,0.5883887927996528,0.5905483536876237,0.5908074975013733
722,2021-12-23,0.5577001436253934,0.5596230992026976,0.5594120621681213
723,2021-12-24,0.48384634088634193,0.48552327930553674,0.48479145765304565
724,2021-12-25,0.39566144209183585,0.3970815004163316,0.39599114656448364
725,2021-12-26,0.36580357965223864,0.3669577843751559,0.36580270528793335
726,2021-12-27,0.45176872383140765,0.45265120797341085,0.45166927576065063
727,2021-12-28,0.6338393628840211,0.6344460479146943,0.6336773037910461
728,2021-12-29,0.8133858686242471,0.8137127918943814,0.813005268573761
729,2021-12-30,0.8831151976516911,0.8831586681597687,0.8822925686836243
730,2021-12-31,0.8120776365667712,0.8118360628639203,0.8106502890586853
731,2022-01-01,0.669679177960316,0.6691544015364225,0.6675925850868225
732,2022-01-02,0.5656226167004843,0.564819098443806,0.5629017949104309
733,2022-01-03,0.5588467114938366,0.5577693616292665,0.5555635094642639
734,2022-01-04,0.6163269439586614,0.6149800280155645,0.6125971674919128
735,2022-01-05,0.6554507880954228,0.6538392568465768,0.6514257788658142
736,2022-01-06,0.6263374467983962,0.6244692404698031,0.6221405863761902
737,2022-01-07,0.5560652288233847,0.5539516038071883,0.5518983006477356
738,2022-01-08,0.5164702312836458,0.5141228205943904,0.5121728777885437
739,2022-01-09,0.5509900977999247,0.5484168635263529,0.5462794899940491
740,2022-01-10,0.6326774870836379,0.6298815032546625,0.6273722052574158
741,2022-01-11,0.6917485907980983,0.6887316151737549,0.6859270930290222
742,2022-01-12,0.6824431914975714,0.6792117778511544,0.6764282584190369
743,2022-01-13,0.6231713723627538,0.6197407338379349,0.6173308491706848
744,2022-01-14,0.5737545024932286,0.5701470110128034,0.5682699084281921
745,2022-01-15,0.576492634937781,0.5727323794515076,0.5712767243385315
746,2022-01-16,0.6204813356836452,0.6165894615409667,0.6152984499931335
747,2022-01-17,0.6606990806061792,0.656693679786311,0.6553720831871033
748,2022-01-18,0.6663011333382439,0.6622011785782814,0.660819947719574
749,2022-01-19,0.6455534265093865,0.641382625132248,0.6400076746940613
750,2022-01-20,0.6240577140463155,0.6198444654453745,0.6184813380241394
751,2022-01-21,0.6055399768662695,0.6013133704635985,0.5998336672782898
752,2022-01-22,0.5637853967618582,0.5595707463859478,0.5578005909919739
753,2022-01-23,0.47915809832962974,0.4749756285558657,0.47286516427993774
754,2022-01-24,0.38053256324676515,0.3763997149736215,0.37411171197891235
755,2022-01-25,0.3406050594045745,0.3365396796005782,0.33436840772628784
756,2022-01-26,0.4169072056042348,0.4129286219689414,0.41111212968826294
757,2022-01-27,0.5897544700702878,0.5858820396810784,0.5844606757164001
758,2022-01-28,0.7605473721159897,0.7567986855176128,0.7556207776069641
759,2022-01-29,0.8220200381484993,0.8184109624151858,0.8172567486763
760,2022-01-30,0.7432468211758625,0.7397932263904576,0.7385022044181824
761,2022-01-31,0.5936545713108246,0.5903735743726167,0.588888943195343
762,2022-02-01,0.48296364734320346,0.4798727211918789,0.4782150387763977
763,2022-02-02,0.4701270147970293,0.4672417538758727,0.46547824144363403
764,2022-02-03,0.5221309629716915,0.5194639378196023,0.5177057385444641
765,2022-02-04,0.5563703539966277,0.5539324031679084,0.5523259043693542
766,2022-02-05,0.5229683605278184,0.5207708703142586,0.5194314122200012
767,2022-02-06,0.4490038653436513,0.4470590856228167,0.4459676146507263
768,2022-02-07,0.40631018761434956,0.40462829507227327,0.40358442068099976
769,2022-02-08,0.4383189055300052,0.43690819121741253,0.4356169104576111
770,2022-02-09,0.5180734094886502,0.5169306538433938,0.5152067542076111
771,2022-02-10,0.5757775239845544,0.5748958302853202,0.5728160738945007
772,2022-02-11,0.5656556881543306,0.5650306505258273,0.5629103779792786
773,2022-02-12,0.5060998057476314,0.5057334406891564,0.5039251446723938
774,2022-02-13,0.45691038721833144,0.45680971316445373,0.4554721713066101
775,2022-02-14,0.4603641199295585,0.4605358070924651,0.4595569968223572
776,2022-02-15,0.5055308834363308,0.5059766956107475,0.5050998330116272
777,2022-02-16,0.5473613454808505,0.5480781428773267,0.5471070408821106
778,2022-02-17,0.5549810502227843,0.5559648456452108,0.5548703074455261
779,2022-02-18,0.5366245196592574,0.5378744630512347,0.5367221236228943
780,2022-02-19,0.5178606343519317,0.5193791088438872,0.5181737542152405
781,2022-02-20,0.5023812742026483,0.5041700396100192,0.5027832388877869
782,2022-02-21,0.4639365324255592,0.4659924112408916,0.46424978971481323
783,2022-02-22,0.38285470091030305,0.38516842139963275,0.3830198645591736
784,2022-02-23,0.2879739296089394,0.29053259232824136,0.28814035654067993
785,2022-02-24,0.25195390078173946,0.2547443324736875,0.25240248441696167
786,2022-02-25,0.33228963714949133,0.3352996317774708,0.3332461714744568
787,2022-02-26,0.5092602405714822,0.5124772755712133,0.5107521414756775
788,2022-02-27,0.6842303289870519,0.687639937202617,0.6860913634300232
789,2022-02-28,0.7498988212547896,0.7534848011061794,0.7518931031227112
790,2022-03-01,0.6753057775520263,0.6790520849097093,0.6772562861442566
791,2022-03-02,0.529844881406884,0.5337370361358662,0.5316804051399231
792,2022-03-03,0.42320465207957314,0.42722900641675804,0.42493242025375366
793,2022-03-04,0.41430773144446464,0.41844939014010746,0.41597980260849
794,2022-03-05,0.4701117766991659,0.47435360095632695,0.4718225598335266
795,2022-03-06,0.5079848708642904,0.5123089134613208,0.5098626017570496
796,2022-03-07,0.4780254067353985,0.48241532803871245,0.4801695942878723
797,2022-03-08,0.40728961670615577,0.4117311291808453,0.4096669554710388
798,2022-03-09,0.3675904125024442,0.3720684643077404,0.3699858784675598
799,2022-03-10,0.4023413039205472,0.4068361591646907,0.4044446349143982
800,2022-03-11,0.4845700302890483,0.4890561836642475,0.4861709475517273
801,2022-03-12,0.544467242456622,0.5489171260507832,0.5456152558326721
802,2022-03-13,0.5362467250490274,0.5406369581744571,0.5372347235679626
803,2022-03-14,0.4782922696872281,0.4826076615766394,0.4794575572013855
804,2022-03-15,0.43039882191099404,0.43463101152054856,0.4318925738334656
805,2022-03-16,0.434840037987883,0.43898219295915725,0.4365440011024475
806,2022-03-17,0.480685268886276,0.48472756522229954,0.48233336210250854
807,2022-03-18,0.5228871074821068,0.526816758949204,0.5242714285850525
808,2022-03-19,0.5305754110826265,0.5343807406711383,0.5316553711891174
809,2022-03-20,0.5119913208986064,0.5156657494546543,0.5128267407417297
810,2022-03-21,0.4927125453666828,0.49625468068316936,0.493307888507843
811,2022-03-22,0.4764418889568217,0.4798516514972858,0.4766691327095032
812,2022-03-23,0.43694234060024795,0.4402166211863178,0.4366251826286316
813,2022-03-24,0.3545569210041161,0.357688385426763,0.3536387085914612
814,2022-03-25,0.2581401926542306,0.26111969993319745,0.2567749619483948
815,2022-03-26,0.22036977455683934,0.22318967327245104,0.21884483098983765
816,2022-03-27,0.29875998206873455,0.30141528503853177,0.29730933904647827
817,2022-03-28,0.4736103897730541,0.47609741571657194,0.47227150201797485
818,2022-03-29,0.6463070865256998,0.6486217497901452,0.6449249386787415
819,2022-03-30,0.7095712737231208,0.7117092052616594,0.7079229950904846
820,2022-03-31,0.6324659158938029,0.6344242596500271,0.6303887963294983
821,2022-04-01,0.48440803113025077,0.4861867494981781,0.48184674978256226
822,2022-04-02,0.37510971153132666,0.37671074778519753,0.3720880150794983
823,2022-04-03,0.3635172192360747,0.3649423076094547,0.3601052165031433
824,2022-04-04,0.4166116907982055,0.4178612470083449,0.4129224419593811
825,2022-04-05,0.4517843632407673,0.45285880361287423,0.44796615839004517
826,2022-04-06,0.4191562787979145,0.4200583184690413,0.4153286814689636
827,2022-04-07,0.345805642049753,0.3465406206293553,0.3419566750526428
828,2022-04-08,0.3035664947204765,0.3041394407567338,0.2995026707649231
829,2022-04-09,0.3358724783904613,0.3362840709659885,0.33130544424057007
830,2022-04-10,0.415770319924621,0.41601568583368803,0.4105122685432434
831,2022-04-11,0.4734683784132292,0.47354068342655353,0.46759098768234253
832,2022-04-12,0.46319674427875707,0.4630933300186466,0.4570152163505554
833,2022-04-13,0.4033540020392037,0.40308027896686055,0.39722830057144165
834,2022-04-14,0.35374828018265236,0.3533162615544302,0.3478516936302185
835,2022-04-15,0.35666472492430845,0.3560876243471971,0.3509010672569275
836,2022-04-16,0.4011824156112308,0.4004700302894262,0.39530712366104126
837,2022-04-17,0.44226185820991104,0.44142050738623695,0.4360879063606262
838,2022-04-18,0.4490389692193719,0.4480754805896892,0.4425467848777771
839,2022-04-19,0.4297590717702991,0.42868469137805515,0.4230284094810486
840,2022-04-20,0.4100021708380037,0.4088325800813993,0.403056800365448
841,2022-04-21,0.39347148909611795,0.392222865312622,0.3862019181251526
842,2022-04-22,0.3539285773425982,0.35261319353896436,0.3461762070655823
843,2022-04-23,0.27171319842694464,0.27033817729772863,0.2634384036064148
844,2022-04-24,0.17567488805579504,0.17424457714311714,0.1670476198196411
845,2022-04-25,0.13848453397448166,0.1370037664664558,0.1298072338104248
846,2022-04-26,0.21764809323565312,0.21612333469546952,0.20916873216629028
847,2022-04-27,0.3934552447806288,0.39189321441578673,0.38522452116012573
848,2022-04-28,0.5672807456187837,0.5656866930773828,0.5591558814048767
849,2022-04-29,0.631833140760334,0.6302109615101468,0.6236019730567932
850,2022-04-30,0.5561615350133801,0.554515568272719,0.5476717352867126
851,2022-05-01,0.4096680131170071,0.408004355776423,0.40087300539016724
852,2022-05-02,0.3020487972711145,0.30037448142587386,0.29298049211502075
853,2022-05-03,0.29223348648973235,0.29055431094817524,0.28296881914138794
854,2022-05-04,0.34718590932744503,0.345505357538746,0.33784419298171997
855,2022-05-05,0.3842795020994114,0.382600094269058,0.37501388788223267
856,2022-05-06,0.35361716834512835,0.3519427978005295,0.3445517420768738
857,2022-05-07,0.28225879199184417,0.2805950937311508,0.27338463068008423
858,2022-05-08,0.24202006822614874,0.24037153053177485,0.23314601182937622
859,2022-05-09,0.27631642107315685,0.2746823980271917,0.2671559453010559
860,2022-05-10,0.3581766412544973,0.35655020410626875,0.34854263067245483
861,2022-05-11,0.41779158191782206,0.41616316729659497,0.4077560305595398
862,2022-05-12,0.4093744017192141,0.4077380076947118,0.39925187826156616
863,2022-05-13,0.35130746563792153,0.3496646056074957,0.3414568305015564
864,2022-05-14,0.30338352589360745,0.3017418246305789,0.293976366519928
865,2022-05-15,0.3078733187541546,0.3061995439105458,0.29881125688552856
866,2022-05-16,0.3538425940417575,0.3521413599683352,0.3448783755302429
867,2022-05-17,0.3962397129302304,0.3945118529026178,0.38718336820602417
868,2022-05-18,0.404189725592631,0.40243634002087636,0.39501816034317017
869,2022-05-19,0.38592844977459834,0.3841548766233279,0.376717746257782
870,2022-05-20,0.3670278166291018,0.3652437072425619,0.3577975630760193
871,2022-05-21,0.35118446484066596,0.34939990122502995,0.3418211340904236
872,2022-05-22,0.3121548965798968,0.31037604532676577,0.302495539188385
873,2022-05-23,0.23027539392694882,0.22850331156752052,0.22027581930160522
874,2022-05-24,0.13439359894914024,0.13262665527071563,0.12421947717666626
875,2022-05-25,0.09718009886117185,0.09541728239755273,0.08712905645370483
876,2022-05-26,0.17614213600323092,0.17438424174078798,0.1664576530456543
877,2022-05-27,0.35157223999325116,0.3498205276897036,0.3423002362251282
878,2022-05-28,0.5248495505839795,0.5231040545126386,0.5158427357673645
879,2022-05-29,0.5886884817162384,0.5869481547562495,0.5797304511070251
880,2022-05-30,0.5121454353219663,0.5104099712677564,0.5030792355537415
881,2022-05-31,0.3646311518824982,0.3629023193547478,0.35540586709976196
882,2022-06-01,0.2558517874270941,0.25413262298774186,0.2464953064918518
883,2022-06-02,0.24474806211399874,0.24304071297088536,0.2353333830833435
884,2022-06-03,0.298296012728575,0.2966006615313175,0.28893834352493286
885,2022-06-04,0.3338822620852235,0.3321984816749075,0.32473117113113403
886,2022-06-05,0.30162376201100344,0.299952850314887,0.2927994132041931
887,2022-06-06,0.22859518335438817,0.22694052652045127,0.22008544206619263
888,2022-06-07,0.18662761806403214,0.18499179290960627,0.17823797464370728
889,2022-06-08,0.21915236341373603,0.2175331372467149,0.21059292554855347
890,2022-06-09,0.29921442306058554,0.297603589071171,0.2902948260307312
891,2022-06-10,0.35702106366247666,0.35540807014991793,0.3478103280067444
892,2022-06-11,0.3468019176840134,0.3451800424131513,0.3376118540763855
893,2022-06-12,0.2869557439322702,0.2853260239092874,0.2781420350074768
894,2022-06-13,0.2372914693414357,0.2356612706686363,0.2290230393409729
895,2022-06-14,0.2400956489358626,0.23847329919617274,0.2322712540626526
896,2022-06-15,0.2844493618987499,0.2828395669996028,0.27681881189346313
897,2022-06-16,0.3253156804250176,0.3237194952616293,0.3176864981651306
898,2022-06-17,0.33183362397098093,0.33025246956149806,0.32417958974838257
899,2022-06-18,0.3122521209711332,0.31069172346460466,0.3046465516090393
900,2022-06-19,0.2921552453118799,0.29062568041352393,0.28461509943008423
901,2022-06-20,0.2752507094665846,0.27376248867626657,0.2676590085029602
902,2022-06-21,0.23530492865149505,0.2338646228330778,0.2274959683418274
903,2022-06-22,0.15266285537638247,0.15127187076868878,0.14458906650543213
904,2022-06-23,0.05617948823244234,0.05483646173961071,0.04800307750701904
905,2022-06-24,0.018531396913709863,0.01723547517479751,0.01054680347442627
906,2022-06-25,0.09723038368758452,0.09598238623556637,0.08967739343643188
907,2022-06-26,0.27257207904656816,0.2713731341997601,0.2654929757118225
908,2022-06-27,0.4459372403703421,0.44478707489104463,0.43918102979660034
909,2022-06-28,0.5100404042529583,0.5089374698898598,0.5033861994743347
910,2022-06-29,0.43393660115409205,0.432879882110488,0.42722374200820923
911,2022-06-30,0.28703371934460603,0.28602405419486165,0.28020697832107544
912,2022-07-01,0.17903360771767024,0.17807287348522718,0.172116219997406
913,2022-07-02,0.1688712623825931,0.16796021124555005,0.1619318127632141
914,2022-07-03,0.22351562905973188,0.2226528102354568,0.2166646122932434
915,2022-07-04,0.26034493383621227,0.2595280485265189,0.2537272572517395
916,2022-07-05,0.2294664984639703,0.228694738040334,0.22319751977920532
917,2022-07-06,0.1579442130310047,0.15721862851254353,0.15200674533843994
918,2022-07-07,0.1175973303736429,0.11691794420021911,0.11179208755493164
919,2022-07-08,0.1518443515466594,0.15120616960484176,0.14587640762329102
920,2022-07-09,0.2337166361965946,0.23310849816793483,0.22739070653915405
921,2022-07-10,0.2934070756700061,0.2928153018111149,0.286787211894989
922,2022-07-11,0.28513031852400683,0.2845449039934874,0.27852338552474976
923,2022-07-12,0.22726965897097687,0.22668822578969428,0.2210269570350647
924,2022-07-13,0.17961821072383596,0.17904460180442996,0.17390364408493042
925,2022-07-14,0.1844465020842856,0.18388543953752773,0.17915445566177368
926,2022-07-15,0.23081950908628704,0.230272038474446,0.2256956696510315
927,2022-07-16,0.2736842622449369,0.27314775186804935,0.2685315012931824
928,2022-07-17,0.2821639383838498,0.2816361259659135,0.2769528031349182
929,2022-07-18,0.2644919584763413,0.26397492035734177,0.25929170846939087
930,2022-07-19,0.24623735765757204,0.24573758373494267,0.24106162786483765
931,2022-07-20,0.23109340821645707,0.23061791872678106,0.22582274675369263
932,2022-07-21,0.19281280883199578,0.19236480818498491,0.18727833032608032
933,2022-07-22,0.11172763840153008,0.1113053208731036,0.1058797836303711
934,2022-07-23,0.016680977291526733,0.016279951114428926,0.010680139064788818
935,2022-07-24,-0.019661462922921036,-0.020044868862984733,-0.025522470474243164
936,2022-07-25,0.06020241809268004,0.05983487125786127,0.054720282554626465
937,2022-07-26,0.23655979171777364,0.23620691317549297,0.23149806261062622
938,2022-07-27,0.4107842754818175,0.4104437568620029,0.4059916138648987
939,2022-07-28,0.4755846509932302,0.4752532131580727,0.47084110975265503
940,2022-07-29,0.40001163276647234,0.3996868510899564,0.3951569199562073
941,2022-07-30,0.25347027444603953,0.25315191590893193,0.24845069646835327
942,2022-07-31,0.1456611016095728,0.14535032124945682,0.14050167798995972
943,2022-08-01,0.13551931577632909,0.13521650280955172,0.13029080629348755
944,2022-08-02,0.1900156014582628,0.1897193075024135,0.184831440448761
945,2022-08-03,0.22653144872262354,0.22623974590528417,0.2215394377708435
946,2022-08-04,0.1951789474756508,0.19489176654144474,0.19049817323684692
947,2022-08-05,0.12302822641601055,0.1227477228460126,0.11864548921585083
948,2022-08-06,0.0819062012515987,0.08163386038824125,0.07762646675109863
949,2022-08-07,0.11524040183574186,0.11497304099105066,0.11077374219894409
950,2022-08-08,0.1960725124811513,0.19580111814768403,0.19122880697250366
951,2022-08-09,0.2546069638213908,0.25432032217413036,0.2494555115699768
952,2022-08-10,0.2450710664988435,0.2447619384106905,0.23992449045181274
953,2022-08-11,0.18586179791403695,0.1855308487067671,0.18107718229293823
954,2022-08-12,0.13678686529872527,0.1364412338275327,0.13253432512283325
955,2022-08-13,0.1401321818091394,0.13978011127603793,0.1363123655319214
956,2022-08-14,0.18497877339671293,0.1846250257748464,0.18134361505508423
957,2022-08-15,0.22629025300067643,0.22593607638964583,0.22264927625656128
958,2022-08-16,0.23320677458563902,0.23285391611958628,0.22953671216964722
959,2022-08-17,0.21397898906655952,0.2136336287541517,0.21035581827163696
960,2022-08-18,0.1941932694139685,0.19386605844329172,0.19063681364059448
961,2022-08-19,0.17756018691865136,0.17726226534070189,0.17395693063735962
962,2022-08-20,0.1378495530710341,0.1375882883106652,0.1340370774269104
963,2022-08-21,0.055410226603692186,0.055187919045218414,0.05134475231170654
964,2022-08-22,-0.04089841026541707,-0.04108214182764014,-0.045050978660583496
965,2022-08-23,-0.0783949641305477,-0.07853991411614258,-0.08233642578125
966,2022-08-24,0.0004375892654538416,0.0003333648860964211,-0.0030489563941955566
967,2022-08-25,0.17590045474078267,0.17583926210196488,0.17291516065597534
968,2022-08-26,0.3493802666205252,0.3493630507155385,0.34674912691116333
969,2022-08-27,0.4135976880061113,0.41362414573834133,0.41110414266586304
970,2022-08-28,0.33761406945848405,0.33768444312158646,0.3351011872291565
971,2022-08-29,0.1908437545526139,0.19096013936064832,0.1882604956626892
972,2022-08-30,0.08299512237768583,0.08316063586439015,0.08036881685256958
973,2022-08-31,0.07300971241600726,0.07322631628185983,0.07041275501251221
974,2022-09-01,0.12786296437520134,0.12813037145191375,0.12540966272354126
975,2022-09-02,0.16493948607498327,0.16525650041192785,0.16277837753295898
976,2022-09-03,0.1343528061467804,0.1347196465254557,0.1326027512550354
977,2022-09-04,0.06317278493651363,0.06359143999498443,0.061820030212402344
978,2022-09-05,0.02322434855030947,0.023695674650465015,0.02207249402999878
979,2022-09-06,0.05793131592126122,0.05845103584751496,0.05668848752975464
980,2022-09-07,0.14032995329262557,0.14088749398132921,0.13880372047424316
981,2022-09-08,0.20061759448693608,0.20119972202351516,0.19887441396713257
982,2022-09-09,0.1930128171502283,0.1936098202734284,0.1913326382637024
983,2022-09-10,0.1359022859826427,0.1365119183018064,0.13461041450500488
984,2022-09-11,0.0890818859057986,0.08970795138084522,0.0883440375328064
985,2022-09-12,0.0948242814214984,0.0954712854199116,0.09453600645065308
986,2022-09-13,0.14219591938336357,0.14286450708295573,0.142103910446167
987,2022-09-14,0.1861446110824191,0.18683156239516702,0.1860526204109192
988,2022-09-15,0.19579360542493185,0.1964958788880178,0.19567233324050903
989,2022-09-16,0.17937567441296298,0.18009437522114785,0.1792946457862854
990,2022-09-17,0.16245847729323168,0.16319893277196096,0.16243112087249756
991,2022-09-18,0.1487331843460999,0.14950106299949062,0.14863938093185425
992,2022-09-19,0.11194967369476613,0.11274664307028617,0.11161983013153076
993,2022-09-20,0.03243649952958494,0.03325903772185118,0.03181988000869751
994,2022-09-21,-0.060967465416690625,-0.06012563808327459,-0.061711788177490234
995,2022-09-22,-0.09560137214106046,-0.09474597705666543,-0.09618204832077026
996,2022-09-23,-0.013968603183260098,-0.013103603024739952,-0.014148712158203125
997,2022-09-24,0.164211950778421,0.16508302517715268,0.16447198390960693
998,2022-09-25,0.34030731339183995,0.3411796895918875,0.3408539891242981
999,2022-09-26,0.407019193883706,0.4078870206205699,0.40762990713119507
1000,2022-09-27,0.3333908148348356,0.3342490047597268,0.3339027762413025
1001,2022-09-28,0.1888193825819825,0.18966496818725348,0.18917614221572876
1002,2022-09-29,0.08299728899534897,0.08382863914597546,0.08322113752365112
1003,2022-09-30,0.07485138876479377,0.07566607602243469,0.07501006126403809
1004,2022-10-01,0.1313438835075798,0.13213763453243085,0.13154786825180054
1005,2022-10-02,0.1698477245986179,0.1706158012601991,0.17024201154708862
1006,2022-10-03,0.14046649032104286,0.14120605146452905,0.14116722345352173
1007,2022-10-04,0.0702619096559767,0.07097240136331556,0.07125300168991089
1008,2022-10-05,0.031052696645416822,0.031732981801029736,0.03213626146316528
1009,2022-10-06,0.06625846428588564,0.06690284923470691,0.06714195013046265
1010,2022-10-07,0.14891335152894983,0.14951044775003336,0.14940404891967773
1011,2022-10-08,0.20921470102424367,0.2097510798079824,0.20937973260879517
1012,2022-10-09,0.20138327718381055,0.2018496683324809,0.2015330195426941
1013,2022-10-10,0.14381013506725063,0.1442053796363385,0.1442996859550476
1014,2022-10-11,0.09629776264013548,0.09662740411460363,0.09729564189910889
1015,2022-10-12,0.10112763239962666,0.10139856849847287,0.10253304243087769
1016,2022-10-13,0.14737717942839093,0.14759309622090103,0.14894109964370728
1017,2022-10-14,0.19000734175837458,0.19016869921886725,0.19153863191604614
1018,2022-10-15,0.1981565749208789,0.1982646363569674,0.19963127374649048
1019,2022-10-16,0.18007486212221238,0.18013564267760335,0.1815689206123352
1020,2022-10-17,0.16134898675934206,0.16137330435552932,0.16288262605667114
1021,2022-10-18,0.14569104872701827,0.1456906136811178,0.14715170860290527
1022,2022-10-19,0.10687353848921799,0.10685657719038966,0.10809963941574097
1023,2022-10-20,0.02524916802703675,0.02521919567172584,0.026198387145996094
1024,2022-10-21,-0.07031763767446131,-0.07035942853497856,-0.069477379322052
1025,2022-10-22,-0.10713924666489938,-0.10719071732175905,-0.10610771179199219
1026,2022-10-23,-0.02769120334477132,-0.027748119592162612,-0.02622169256210327
1027,2022-10-24,0.1483363088286938,0.14827889521276963,0.15029305219650269
1028,2022-10-25,0.3223396943113589,0.3222857143286464,0.3246399760246277
1029,2022-10-26,0.38705051314477357,0.3870029827605031,0.38948148488998413
1030,2022-10-27,0.3115420984381554,0.31150489831599276,0.3139510750770569
1031,2022-10-28,0.16524181119478762,0.16522097762388338,0.16758191585540771
1032,2022-10-29,0.05787202271191885,0.05787489758672959,0.060175418853759766
1033,2022-10-30,0.04838917022252079,0.048422200717019886,0.050733089447021484
1034,2022-10-31,0.10378441862919183,0.10385203931990103,0.10628825426101685
1035,2022-11-01,0.14145884182273338,0.14156478737105813,0.14427638053894043
1036,2022-11-02,0.11154308075078836,0.11169267957795015,0.1147986650466919
1037,2022-11-03,0.04112465214488495,0.041325149428937974,0.04481017589569092
1038,2022-11-04,0.002046573398789886,0.0023041946942220504,0.005971193313598633
1039,2022-11-05,0.03775107409290948,0.03806698784796586,0.04162865877151489
1040,2022-11-06,0.12129302924736829,0.12166214662313721,0.12493640184402466
1041,2022-11-07,0.1828884533923164,0.1833030238422023,0.18636971712112427
1042,2022-11-08,0.17677454642425952,0.17723030051074257,0.18040817975997925
1043,2022-11-09,0.12135640308016471,0.12185645298650563,0.1255006194114685
1044,2022-11-10,0.07644800982913558,0.07700139238026016,0.08127349615097046
1045,2022-11-11,0.08433966632923279,0.08495595111205781,0.08974671363830566
1046,2022-11-12,0.13411484958250686,0.13479953421977844,0.13985443115234375
1047,2022-11-13,0.1807376576156022,0.1814921196614796,0.18661755323410034
1048,2022-11-14,0.193346745423667,0.1941722436262338,0.19934123754501343
1049,2022-11-15,0.18018927532714235,0.1810908757343484,0.18637102842330933
1050,2022-11-16,0.16684614906592285,0.16783275957895966,0.17323118448257446
1051,2022-11-17,0.1570205035555155,0.15810095336783858,0.1634904146194458
1052,2022-11-18,0.12447278460927941,0.12565144407489037,0.13085967302322388
1053,2022-11-19,0.04954059794502724,0.050816153995764196,0.055794477462768555
1054,2022-11-20,-0.038929758802778935,-0.03756190486060473,-0.032649874687194824
1055,2022-11-21,-0.06827174120744661,-0.06681618904070902,-0.06167525053024292
1056,2022-11-22,0.01901513971687646,0.020554961246533193,0.026163816452026367
1057,2022-11-23,0.20321395570120113,0.20485635524832088,0.21095210313796997
1058,2022-11-24,0.3856917083940644,0.38743119786375524,0.393862783908844
1059,2022-11-25,0.4591480359168262,0.46097739356501233,0.46752578020095825
1060,2022-11-26,0.39262198713975616,0.39453408510906013,0.4010388255119324
1061,2022-11-27,0.2555044503244014,0.25749359924491494,0.2638985514640808
1062,2022-11-28,0.15747932534786543,0.15954048359168854,0.16586637496948242
1063,2022-11-29,0.15746278404749525,0.15958942196722187,0.1659035086631775
1064,2022-11-30,0.22240415030130278,0.22458720185711237,0.2310008406639099
1065,2022-12-01,0.2696613119982032,0.2718905614981735,0.2785502076148987
1066,2022-12-02,0.24932062064133634,0.25158707460860663,0.25860804319381714
1067,2022-12-03,0.18842445097626154,0.19072074302143274,0.19808393716812134
1068,2022-12-04,0.15877008456473984,0.16108762408474397,0.16859227418899536
1069,2022-12-05,0.20375368615344708,0.20607870862667862,0.21343404054641724
1070,2022-12-06,0.2963840062280838,0.29869646298250757,0.3057171702384949
1071,2022-12-07,0.3668311471159256,0.36910839248215954,0.3758707642555237
1072,2022-12-08,0.3692868818457318,0.37150990860984456,0.378329336643219
1073,2022-12-09,0.32211163582767655,0.32426906886707,0.3314973711967468
1074,2022-12-10,0.2850757533797563,0.2871624857138322,0.29495829343795776
1075,2022-12-11,0.30042718447946637,0.30243907773820844,0.3106902241706848
1076,2022-12-12,0.3572086081380469,0.3591379789144811,0.36758702993392944
1077,2022-12-13,0.4103451275081408,0.4121807884781537,0.4206315875053406
1078,2022-12-14,0.4289384478035643,0.4306697957799477,0.4390924572944641
1079,2022-12-15,0.4212010575687425,0.42282208339874183,0.4312818646430969
1080,2022-12-16,0.41268167908884046,0.4141910824459121,0.42269259691238403
1081,2022-12-17,0.4070539683955044,0.40845131336876983,0.41686564683914185
1082,2022-12-18,0.378051777808335,0.37933318431966123,0.38748592138290405
1083,2022-12-19,0.3059891790512532,0.3071461647313205,0.31498652696609497
1084,2022-12-20,0.2196921494985193,0.2207140883923602,0.2284042239189148
1085,2022-12-21,0.1918102623577683,0.1926877245070155,0.20052117109298706
1086,2022-12-22,0.2798304998887584,0.28055647166677933,0.2887710928916931
1087,2022-12-23,0.46402598638411874,0.4645945598147102,0.47323018312454224
1088,2022-12-24,0.6457574088150498,0.6461621205210812,0.6550665497779846
1089,2022-12-25,0.7177217750173372,0.7179557775550304,0.7269088625907898
1090,2022-12-26,0.6489592173640351,0.6490171266536943,0.6578579545021057
1091,2022-12-27,0.5088654283459105,0.508744680422348,0.5174161791801453
1092,2022-12-28,0.40713281717991157,0.4068328817107243,0.41535574197769165
1093,2022-12-29,0.40268973204660596,0.40220997285549154,0.4106510281562805
1094,2022-12-30,0.462501279784885,0.46183989474011455,0.4703102707862854
1095,2022-12-31,0.5039446555492867,0.5031000435464289,0.5117459893226624
1096,2023-01-01,0.47712893867935413,0.4761020437853861,0.4850390553474426
1097,2023-01-02,0.4091225278146241,0.4079172085547369,0.4171263575553894
1098,2023-01-03,0.37175187995324727,0.3703720147121883,0.37965303659439087
1099,2023-01-04,0.4084453232228517,0.4068908097298141,0.41595298051834106
1100,2023-01-05,0.4922465777856151,0.4905121648046719,0.49917060136795044
1101,2023-01-06,0.5533633234032093,0.5514422328319762,0.559773862361908
1102,2023-01-07,0.5460273041334671,0.5439173947588768,0.5522380471229553
1103,2023-01-08,0.488641081600109,0.4863487647705809,0.4950111508369446
1104,2023-01-09,0.441019060318109,0.438557852178901,0.44772106409072876
1105,2023-01-10,0.4454549220059304,0.4428400547527072,0.4523925185203552
1106,2023-01-11,0.49103848689866114,0.4882823010015537,0.49796754121780396
1107,2023-01-12,0.5327431388592827,0.5298550256582516,0.5394774079322815
1108,2023-01-13,0.539719727092701,0.536710114476444,0.5462407469749451
1109,2023-01-14,0.5202304667739175,0.5171147234218869,0.5266196131706238
1110,2023-01-15,0.49987410618035394,0.4966725480101727,0.5061571002006531
1111,2023-01-16,0.4823743425897016,0.4791082779224487,0.4884442687034607
1112,2023-01-17,0.44151480170103813,0.4382021107976848,0.447215735912323
1113,2023-01-18,0.357658780415395,0.3543126446491157,0.3629540801048279
1114,2023-01-19,0.2596806573219834,0.25631190499625034,0.26474398374557495
1115,2023-01-20,0.2202773134305757,0.21689764693256505,0.22541457414627075
1116,2023-01-21,0.29698168395553315,0.29360478876144624,0.3024447560310364
1117,2023-01-22,0.47011123952071243,0.4667513639186855,0.47595494985580444
1118,2023-01-23,0.6410691662583773,0.6377393530613101,0.6471549868583679
1119,2023-01-24,0.7025928961722556,0.6993050497890315,0.7087129950523376
1120,2023-01-25,0.6237606971165284,0.6205273302881003,0.629767119884491
1121,2023-01-26,0.4740039101186957,0.470839404118063,0.4798542857170105
1122,2023-01-27,0.3630479243662228,0.3599676506619448,0.3687785267829895
1123,2023-01-28,0.34985123553875475,0.34686932968367723,0.355543315410614
1124,2023-01-29,0.40140612028166583,0.3985343408809487,0.40718287229537964
1125,2023-01-30,0.43511384015862964,0.43236286110705713,0.4411323666572571
1126,2023-01-31,0.40110433202947327,0.39848601850995014,0.4074919819831848
1127,2023-02-01,0.32646355845741837,0.3239912750680511,0.33321458101272583
1128,2023-02-02,0.28303218325645213,0.28071784558371243,0.2899584174156189
1129,2023-02-03,0.31424934223587253,0.3120993701453534,0.32106631994247437
1130,2023-02-04,0.3931661436869126,0.3911802547118266,0.3996886610984802
1131,2023-02-05,0.44999423713244846,0.448169038374833,0.45629554986953735
1132,2023-02-06,0.43896594065332206,0.43730107061182455,0.44536131620407104
1133,2023-02-07,0.3784810379309649,0.37698306863151776,0.3853294253349304
1134,2023-02-08,0.3283478680479529,0.327028852192768,0.33582013845443726
1135,2023-02-09,0.33085084441106793,0.3297229300206268,0.3388473391532898
1136,2023-02-10,0.37506742008500216,0.37413825455624555,0.3833388686180115
1137,2023-02-11,0.4159556355157875,0.4152283284198084,0.4243091940879822
1138,2023-02-12,0.42264816047763154,0.4221252976839066,0.43105703592300415
1139,2023-02-13,0.40338635149880275,0.403073935933274,0.4119221568107605
1140,2023-02-14,0.38374559117208407,0.38365309363355815,0.3924228549003601
1141,2023-02-15,0.3674238903425233,0.367560346627929,0.37612277269363403
1142,2023-02-16,0.32817706657543577,0.3285467162627328,0.3367277979850769
1143,2023-02-17,0.24633869730010347,0.24693977910876774,0.25468915700912476
1144,2023-02-18,0.150751750472097,0.15157892082807284,0.15905892848968506
1145,2023-02-19,0.11408023373622858,0.11512787281212972,0.12263238430023193
1146,2023-02-20,0.19382298129210448,0.19508638658752792,0.20285338163375854
1147,2023-02-21,0.37026237518423044,0.37173643102982096,0.3798059821128845
1148,2023-02-22,0.5447657688391925,0.5464432725877324,0.5546634793281555
1149,2023-02-23,0.6100342625344175,0.6119060902741504,0.6200565695762634
1150,2023-02-24,0.5351095384937739,0.5371664940367769,0.5450869202613831
1151,2023-02-25,0.38938634166369496,0.3916205220369557,0.3992539048194885
1152,2023-02-26,0.28255369486708976,0.2849577197212292,0.29232460260391235
1153,2023-02-27,0.2735341924098022,0.27612072409254,0.2832666039466858
1154,2023-02-28,0.3292849033879963,0.3320423436114,0.33907824754714966
1155,2023-03-01,0.36717279653480084,0.37008832670621733,0.3771604895591736
1156,2023-03-02,0.33729464212552507,0.34035661090639213,0.3475807309150696
1157,2023-03-03,0.26670456319359837,0.26990290563401764,0.2772600054740906
1158,2023-03-04,0.22721289990370752,0.2305362988774726,0.23782604932785034
1159,2023-03-05,0.26223015596336113,0.2656621035933385,0.2725939154624939
1160,2023-03-06,0.34478066055475587,0.34829835744131277,0.35468727350234985
1161,2023-03-07,0.4050512833401476,0.40862933345792074,0.4145522713661194
1162,2023-03-08,0.39725169201592964,0.4008683441637322,0.40664130449295044
1163,2023-03-09,0.3397612628190749,0.3434024084938986,0.34937793016433716
1164,2023-03-10,0.2923702664385657,0.2960280783700364,0.30236536264419556
1165,2023-03-11,0.29734746521148625,0.3010150985815031,0.3076027035713196
1166,2023-03-12,0.34375713855687995,0.3474242164090091,0.35400551557540894
1167,2023-03-13,0.3865466724104377,0.3901993241872581,0.39657896757125854
1168,2023-03-14,0.3948406244175121,0.3984655698633517,0.40461474657058716
1169,2023-03-15,0.37687478619167347,0.3804633396156579,0.38644808530807495
1170,2023-03-16,0.35822150923035206,0.3617696872804949,0.3675956130027771
1171,2023-03-17,0.34257827579265365,0.3460829447576375,0.35162192583084106
1172,2023-03-18,0.30370282857669606,0.30715738637115275,0.3122360110282898
1173,2023-03-19,0.22193305816004127,0.2253262657617125,0.22989493608474731
1174,2023-03-20,0.12611855171146658,0.129436980567601,0.13365882635116577
1175,2023-03-21,0.08893214475085828,0.09216350435723439,0.0963330864906311
1176,2023-03-22,0.1678835960462955,0.1710179417384101,0.17537397146224976
1177,2023-03-23,0.3432681833586081,0.3462965927149675,0.350879967212677
1178,2023-03-24,0.5164679889329036,0.5193808876113073,0.5240407586097717
1179,2023-03-25,0.5802005255796707,0.5829878455193055,0.5875051617622375
1180,2023-03-26,0.5035254122688838,0.5061784261481744,0.5103932023048401
1181,2023-03-27,0.35585668658311614,0.3583693519357751,0.36222559213638306
1182,2023-03-28,0.24690384406879815,0.24927200468431004,0.25279146432876587
1183,2023-03-29,0.2356109499483643,0.23783018496912867,0.24108082056045532
1184,2023-03-30,0.2889573558562897,0.29102190910234715,0.2941163182258606
1185,2023-03-31,0.32433293487657455,0.3262370722922895,0.3293223977088928
1186,2023-04-01,0.29185779184910693,0.29359813729696316,0.296791136264801
1187,2023-04-02,0.2186096226453087,0.22018552017756826,0.22346848249435425
1188,2023-04-03,0.17642238769543245,0.17783300141559408,0.18100672960281372
1189,2023-04-04,0.2087300700626612,0.2099703796745533,0.21274584531784058
1190,2023-04-05,0.2885801529311994,0.28963978321454054,0.2918333411216736
1191,2023-04-06,0.34618215540269526,0.347048997921796,0.3487388491630554
1192,2023-04-07,0.3357677173594635,0.3364340957437364,0.33793753385543823
1193,2023-04-08,0.27573734503704533,0.2762039341675673,0.2778751254081726
1194,2023-04-09,0.22590144090854164,0.22617582471706787,0.2281755805015564
1195,2023-04-10,0.22854775484689385,0.228639045225732,0.23085743188858032
1196,2023-04-11,0.2727582745135872,0.27267251331534437,0.2748546004295349
1197,2023-04-12,0.3134966916402083,0.3132368051781238,0.3151889443397522
1198,2023-04-13,0.31990235676922285,0.3194721555230958,0.3211671710014343
1199,2023-04-14,0.3002242444633514,0.2996323434460734,0.3011382222175598
1200,2023-04-15,0.28004619616693377,0.2793060395521504,0.28063029050827026
1201,2023-04-16,0.2630754225175967,0.2622013489822467,0.26321786642074585
1202,2023-04-17,0.22307757930408684,0.22208042366364333,0.22261780500411987
1203,2023-04-18,0.14039661629646158,0.13928246260565869,0.1392931342124939
1204,2023-04-19,0.043886302583121456,0.04265885560457139,0.042308032512664795
1205,2023-04-20,0.006221770222060302,0.004885609829555493,0.0044702887535095215
1206,2023-04-21,0.08491319618596663,0.08347491508201434,0.08323609828948975
1207,2023-04-22,0.26025442010118177,0.2587212335639019,0.2587020993232727
1208,2023-04-23,0.4336242663558104,0.4320022751246578,0.432054340839386
1209,2023-04-24,0.4977352209813837,0.49602951047554145,0.49593621492385864
1210,2023-04-25,0.4216401716862519,0.41985659167785855,0.4194604754447937
1211,2023-04-26,0.2747447977502164,0.2728912560975933,0.2721392512321472
1212,2023-04-27,0.1667486990762985,0.16483431731570125,0.16375064849853516
1213,2023-04-28,0.1565846090412673,0.1546175303911311,0.1532731056213379
1214,2023-04-29,0.21121922289367442,0.20920550531297935,0.2077154517173767
1215,2023-04-30,0.24802855399612997,0.24597349627103432,0.24448782205581665
1216,2023-05-01,0.2171177738357558,0.2150282249682981,0.21366673707962036
1217,2023-05-02,0.1455487083853089,0.14343340843351762,0.1421811580657959
1218,2023-05-03,0.10513865494894739,0.10300531841849934,0.1016661524772644
1219,2023-05-04,0.13930428859192728,0.13715558843612502,0.13544338941574097
1220,2023-05-05,0.22107529178979202,0.2189076821876627,0.2166416049003601
1221,2023-05-06,0.2806430449498517,0.27845038107210585,0.2757118344306946
1222,2023-05-07,0.2722208673013574,0.27000057328008364,0.2671099305152893
1223,2023-05-08,0.21419091854242425,0.2119479138312641,0.20926207304000854
1224,2023-05-09,0.1663453835911906,0.1640906522514317,0.16177350282669067
1225,2023-05-10,0.17095407617706665,0.16869930139539796,0.16664373874664307
1226,2023-05-11,0.21708147801821898,0.21483446362260591,0.21278852224349976
1227,2023-05-12,0.2596743490810267,0.2574389972346468,0.2552109360694885
1228,2023-05-13,0.2678558203676794,0.2656361578988288,0.2631961703300476
1229,2023-05-14,0.24985949017429263,0.24766361873573095,0.2450823187828064
1230,2023-05-15,0.23125478999682683,0.22909494338148392,0.2263825535774231
1231,2023-05-16,0.2157356009479976,0.21362424573064112,0.2106570601463318
1232,2023-05-17,0.17705543402476354,0.17500090881509398,0.1716099977493286
1233,2023-05-18,0.09554737266976238,0.0935526808513935,0.08969295024871826
1234,2023-05-19,5.568058759441996e-05,-0.0018790968572425792,-0.006040334701538086
1235,2023-05-20,-0.03675258398668538,-0.03862699130449734,-0.04279065132141113
1236,2023-05-21,0.04262617193032267,0.040814146859907446,0.03689110279083252
1237,2023-05-22,0.21848073933847234,0.21673331943391363,0.21309584379196167
1238,2023-05-23,0.39218646185561384,0.390504388910911,0.3870055079460144
1239,2023-05-24,0.4564539318744945,0.4548366111840185,0.45126134157180786
1240,2023-05-25,0.3803357365730594,0.37878306194034206,0.3749752640724182
1241,2023-05-26,0.23323884051757568,0.2317525329771142,0.22766011953353882
1242,2023-05-27,0.12486569428899817,0.1234485020741353,0.11909675598144531
1243,2023-05-28,0.11415341400643425,0.11280696406413086,0.10826736688613892
1244,2023-05-29,0.16807456384953817,0.1667982973040502,0.16218644380569458
1245,2023-05-30,0.20401245430481837,0.20280499361963272,0.19827157258987427
1246,2023-05-31,0.17208091260140168,0.17094241050452236,0.16660690307617188
1247,2023-06-01,0.09935169854109777,0.09828421667090313,0.09413176774978638
1248,2023-06-02,0.057653230573146835,0.05661383237309828,0.05249202251434326
1249,2023-06-03,0.0904143919928263,0.08939921334669734,0.08502113819122314
1250,2023-06-04,0.17067805177559803,0.16967712902995946,0.1648615002632141
1251,2023-06-05,0.22864963861594684,0.22765055767282882,0.2224774956703186
1252,2023-06-06,0.21855725866421455,0.21755134986413374,0.21234017610549927
1253,2023-06-07,0.15879846838026626,0.15778475728403277,0.15289098024368286
1254,2023-06-08,0.10918132593157678,0.10816512447756566,0.10375094413757324
1255,2023-06-09,0.1119918579832859,0.11097941828688719,0.10693603754043579
1256,2023-06-10,0.15631095976275122,0.1553049123044658,0.15137839317321777
1257,2023-06-11,0.19710186504571212,0.19610121042653314,0.1920984387397766
1258,2023-06-12,0.2035040986620667,0.20250824540111378,0.19840246438980103
1259,2023-06-13,0.18376743362215886,0.18278015722472457,0.1786394715309143
1260,2023-06-14,0.1634771201786081,0.16250662685268333,0.15833866596221924
1261,2023-06-15,0.1463423688049479,0.14539740006321272,0.14107555150985718
1262,2023-06-16,0.10613140151973627,0.10521687503470233,0.10056906938552856
1263,2023-06-17,0.02319127104811486,0.022307072730870542,0.01728522777557373
1264,2023-06-18,-0.07362064821603753,-0.07447725420465443,-0.07970893383026123
1265,2023-06-19,-0.11162515530382094,-0.11245623422702539,-0.11760216951370239
1266,2023-06-20,-0.03330758344388282,-0.03411335514172248,-0.03893387317657471
1267,2023-06-21,0.14163077141005953,0.14085057844123916,0.13639700412750244
1268,2023-06-22,0.3145739233049633,0.31381836986494327,0.30958110094070435
1269,2023-06-23,0.37823982115780513,0.3775068903818194,0.37326735258102417
1270,2023-06-24,0.3016870346257248,0.30097544410658283,0.29657405614852905
1271,2023-06-25,0.15432708820189311,0.1536376146866851,0.14901864528656006
1272,2023-06-26,0.0458655333426356,0.04520019770252248,0.04038524627685547
1273,2023-06-27,0.03524110379302334,0.034601006733066125,0.029658079147338867
1274,2023-06-28,0.08942648638619077,0.08881072746345266,0.08385199308395386
1275,2023-06-29,0.12580362013687893,0.1252106480005727,0.12038302421569824
1276,2023-06-30,0.09448348006353464,0.09391342414428287,0.08933335542678833
1277,2023-07-01,0.022533518831597987,0.021988550594830403,0.017637789249420166
1278,2023-07-02,-0.01822356915805476,-0.018742134315599762,-0.023063242435455322
1279,2023-07-03,0.015634008323787002,0.015138306161036869,0.010556936264038086
1280,2023-07-04,0.09714072352667827,0.0966583262442467,0.09163254499435425
1281,2023-07-05,0.15649237506894684,0.1560113390612842,0.15061843395233154
1282,2023-07-06,0.1479062883407936,0.14741846337939532,0.14197510480880737
1283,2023-07-07,0.08976818068993006,0.08927314534279833,0.08413255214691162
1284,2023-07-08,0.04187331406451697,0.04137695224772192,0.03669893741607666
1285,2023-07-09,0.04649407111925767,0.04600321214054989,0.04167693853378296
1286,2023-07-10,0.09269697177046678,0.0922148156938592,0.08798456192016602
1287,2023-07-11,0.13543026588598894,0.1349563634670993,0.1306273341178894
1288,2023-07-12,0.14381801370075192,0.14335229342734648,0.13889646530151367
1289,2023-07-13,0.12609417500435727,0.12564089251823374,0.12112516164779663
1290,2023-07-14,0.10782797332699123,0.10739576664144707,0.10282659530639648
1291,2023-07-15,0.0927125159926726,0.09231050276710787,0.08756071329116821
1292,2023-07-16,0.05449998333939496,0.05413339559178146,0.04903054237365723
1293,2023-07-17,-0.026478414538840145,-0.0268094433092895,-0.032313764095306396
1294,2023-07-18,-0.12138081071099388,-0.12167883929126258,-0.1274206042289734
1295,2023-07-19,-0.15754304295803234,-0.15781003271589245,-0.16349327564239502
1296,2023-07-20,-0.07746488469424362,-0.07770102622362701,-0.08308565616607666
1297,2023-07-21,0.09913865159061558,0.09893358398667522,0.09388971328735352
1298,2023-07-22,0.2736387063301862,0.2734636532296319,0.26861101388931274
1299,2023-07-23,0.33874131021687226,0.3385940617405489,0.33371502161026
1300,2023-07-24,0.2634941747891588,0.2633731852669901,0.258309543132782
1301,2023-07-25,0.1172991226070553,0.11720483866993442,0.11190235614776611
1302,2023-07-26,0.009853246013625583,0.009787295733488383,0.004269421100616455
1303,2023-07-27,8.81389044268821e-05,5.117236837384742e-05,-0.005612492561340332
1304,2023-07-28,0.05497073312622945,0.05496134692770768,0.04926633834838867
1305,2023-07-29,0.09187865174916249,0.09189474522154377,0.08631759881973267
1306,2023-07-30,0.06092003516499962,0.060961148493770906,0.05562049150466919
1307,2023-07-31,-0.010838987276684808,-0.010771305040238571,-0.01589113473892212
1308,2023-08-01,-0.051575515764120505,-0.05148059780174863,-0.05657672882080078
1309,2023-08-02,-0.01786601927772674,-0.017748073260027364,-0.02310776710510254
1310,2023-08-03,0.06332723841301274,0.0634579749949429,0.05765336751937866
1311,2023-08-04,0.12220482408075144,0.12233572364282713,0.11616653203964233
1312,2023-08-05,0.11299030172559293,0.11311253253199836,0.10689812898635864
1313,2023-08-06,0.05407705156809006,0.05418952002555075,0.0482860803604126
1314,2023-08-07,0.005269364353631734,0.005377298160654492,-5.233287811279297e-05
1315,2023-08-08,0.008849947403345937,0.008959541840425161,0.0038958191871643066
1316,2023-08-09,0.053896859921993764,0.05401070904338823,0.04906010627746582
1317,2023-08-10,0.09537101386047328,0.09548809577496165,0.09045875072479248
1318,2023-08-11,0.1024101526441887,0.10252986136350162,0.09739655256271362
1319,2023-08-12,0.08326282957928091,0.08338892866142958,0.07822144031524658
1320,2023-08-13,0.06351365305168308,0.0636543344118424,0.05846196413040161
1321,2023-08-14,0.04687178030319683,0.04703576441978015,0.04169386625289917
1322,2023-08-15,0.007105974095081735,0.007298146965329877,0.0016369223594665527
1323,2023-08-16,-0.0754355783370401,-0.07521537653774987,-0.0812419056892395
1324,2023-08-17,-0.17189378012075462,-0.17164834798686487,-0.1778736710548401
1325,2023-08-18,-0.20958713120184863,-0.20931861629201529,-0.2154446840286255
1326,2023-08-19,-0.1309981059918185,-0.1307068320882479,-0.1364915370941162
1327,2023-08-20,0.0441753958296664,0.04448957292347132,0.039090514183044434
1328,2023-08-21,0.21732129453240262,0.21765728358644482,0.21249598264694214
1329,2023-08-22,0.2811619226601495,0.2815175290321507,0.2763780951499939
1330,2023-08-23,0.2047606735812924,0.20513441061702395,0.19986003637313843
1331,2023-08-24,0.05753429377996788,0.05792670706253933,0.05246436595916748
1332,2023-08-25,-0.050806090963244344,-0.05039323884593516,-0.0560188889503479
1333,2023-08-26,-0.061315869956809266,-0.06088176368791948,-0.06660008430480957
1334,2023-08-27,-0.007016229860790896,-0.006562082173398348,-0.01225811243057251
1335,2023-08-28,0.029481088441085823,0.029953387369215878,0.024429678916931152
1336,2023-08-29,-0.0017064847285229445,-0.0012162699912632025,-0.006448566913604736
1337,2023-08-30,-0.07350496650828131,-0.07299505477957147,-0.07795155048370361
1338,2023-08-31,-0.11408511912445285,-0.11355461000658812,-0.11843210458755493
1339,2023-09-01,-0.08001865636052835,-0.07947152887742542,-0.08455735445022583
1340,2023-09-02,0.0017352757650818673,0.0022890014468765207,-0.0031868815422058105
1341,2023-09-03,0.06137868275143954,0.0619265787262719,0.05614060163497925
1342,2023-09-04,0.053134860246050214,0.05366827062483999,0.04789125919342041
1343,2023-09-05,-0.004604801133335029,-0.004086823904181386,-0.009499311447143555
1344,2023-09-06,-0.05203972156083089,-0.05152091763409819,-0.05641782283782959
1345,2023-09-07,-0.046892611785239624,-0.04636671619302041,-0.05085664987564087
1346,2023-09-08,-9.250941238073129e-05,0.00044309580099766155,-0.0038936734199523926
1347,2023-09-09,0.04331276451197422,0.043857031106650096,0.039480626583099365
1348,2023-09-10,0.05245064071262462,0.05300288216548793,0.048560500144958496
1349,2023-09-11,0.03555785018634808,0.03612169197699819,0.031681954860687256
1350,2023-09-12,0.01820575266401414,0.018789188352621417,0.014360129833221436
1351,2023-09-13,0.004088926289601669,0.004700415653765194,0.0001563429832458496
1352,2023-09-14,-0.03303966782316947,-0.03239556320485942,-0.03722578287124634
1353,2023-09-15,-0.1128487474978297,-0.11217257623488083,-0.11733633279800415
1354,2023-09-16,-0.20649709477418776,-0.2057921085170917,-0.2111240029335022
1355,2023-09-17,-0.24132192332266744,-0.24059078610637377,-0.24579405784606934
1356,2023-09-18,-0.15982510856438875,-0.15906872245566633,-0.16390246152877808
1357,2023-09-19,0.018275516453604895,0.01905665792923955,0.01463550329208374
1358,2023-09-20,0.1943475674583036,0.19515167903132435,0.19099408388137817
1359,2023-09-21,0.26109286750888394,0.2619170080318177,0.2578060030937195
1360,2023-09-22,0.18755426557077964,0.18839615397800272,0.18417400121688843
1361,2023-09-23,0.04312810133119216,0.04398744612346431,0.0396001935005188
1362,2023-09-24,-0.06249459492569956,-0.06161690504119108,-0.06614565849304199
1363,2023-09-25,-0.07038882318569584,-0.06949287710661764,-0.07409298419952393
1364,2023-09-26,-0.0135947239830429,-0.012682661985773669,-0.017239868640899658
1365,2023-09-27,0.02525783381747923,0.026183178171025584,0.021818339824676514
1366,2023-09-28,-0.0037308566992907966,-0.0027934167382823727,-0.006847202777862549
1367,2023-09-29,-0.07350279989047745,-0.07255243413018075,-0.07631099224090576
1368,2023-09-30,-0.11224344277580034,-0.11128019294308625,-0.11494070291519165
1369,2023-10-01,-0.07653773722819687,-0.07556650686313876,-0.07941609621047974
1370,2023-10-02,0.00664351428898427,0.007611806978272198,0.0033913850784301758
1371,2023-10-03,0.06749236692596189,0.0684444313747724,0.0639333724975586
1372,2023-10-04,0.060223984965951244,0.061150346874259284,0.056667983531951904
1373,2023-10-05,0.0032235469618139,0.00412249335141876,2.47955322265625e-05
1374,2023-10-06,-0.04371257319591734,-0.04283640800217314,-0.04638671875
1375,2023-10-07,-0.03830921354857639,-0.037450198757342235,-0.04056131839752197
1376,2023-10-08,0.008504597124902563,0.009348522877548435,0.006423890590667725
1377,2023-10-09,0.0516832245458142,0.05251054139017079,0.04958021640777588
1378,2023-10-10,0.06035848979733788,0.06116813137618657,0.05820685625076294
1379,2023-10-11,0.04277372692072215,0.04356903688689455,0.04064655303955078
1380,2023-10-12,0.024509103642025493,0.02529789725260226,0.022423386573791504
1381,2023-10-13,0.009270186334591007,0.010060853340340514,0.0071097612380981445
1382,2023-10-14,-0.02917693714701733,-0.028379792992511838,-0.031577229499816895
1383,2023-10-15,-0.11048577800173373,-0.10968254789011836,-0.11317241191864014
1384,2023-10-16,-0.20579790706470513,-0.2049915678803212,-0.20860713720321655
1385,2023-10-17,-0.2424314138563355,-0.24162423639413777,-0.24506723880767822
1386,2023-10-18,-0.16286724418333776,-0.16205961868727406,-0.16508781909942627
1387,2023-10-19,0.013199381247601838,0.014007590720914592,0.011438608169555664
1388,2023-10-20,0.18716023595567818,0.1879679892484783,0.18571072816848755
1389,2023-10-21,0.25174269525105614,0.2525479088884351,0.2503867745399475
1390,2023-10-22,0.17601639104684708,0.17681775003199846,0.17459601163864136
1391,2023-10-23,0.02940550116977536,0.030203783226806308,0.027869105339050293
1392,2023-10-24,-0.07837023687532976,-0.07757297696593332,-0.07999575138092041
1393,2023-10-25,-0.08835644226624711,-0.08755903782292498,-0.08999872207641602
1394,2023-10-26,-0.03356340472204916,-0.03276665928702294,-0.035107970237731934
1395,2023-10-27,0.003409117420997032,0.004203778858287488,0.0021113157272338867
1396,2023-10-28,-0.027308428086660397,-0.02651556721696037,-0.028239727020263672
1397,2023-10-29,-0.09862806617393094,-0.09783465498300783,-0.09920555353164673
1398,2023-10-30,-0.13870566131792605,-0.13791018219543108,-0.13912427425384521
1399,2023-10-31,-0.1040972021063635,-0.10330297320719689,-0.10464721918106079
1400,2023-11-01,-0.021745368486802696,-0.020961709810094986,-0.0226173996925354
1401,2023-11-02,0.038568957355514244,0.03933035251118014,0.037443578243255615
1402,2023-11-03,0.031086727454849666,0.03181796689955342,0.03001946210861206
1403,2023-11-04,-0.025782576284695186,-0.02508165313300577,-0.026436269283294678
1404,2023-11-05,-0.07221996338904291,-0.07154321432108539,-0.07229161262512207
1405,2023-11-06,-0.06592953583014446,-0.06526988159804635,-0.06552046537399292
1406,2023-11-07,-0.017821650507368225,-0.017175655658110273,-0.017182350158691406
1407,2023-11-08,0.027074493785983006,0.027706594279666666,0.02775108814239502
1408,2023-11-09,0.03790475781010527,0.0385230786959921,0.03859215974807739
1409,2023-11-10,0.022923974109941042,0.023532922102432838,0.02369511127471924
1410,2023-11-11,0.0077211375720104,0.008329459165069539,0.008592486381530762
1411,2023-11-12,-0.0039921435114150805,-0.0033752723445922422,-0.0031377077102661133
1412,2023-11-13,-0.03844662128975418,-0.0378159680660016,-0.037775516510009766
1413,2023-11-14,-0.11529560749875292,-0.1146511038223043,-0.11485576629638672
1414,2023-11-15,-0.2056834938600468,-0.20502783687586865,-0.20531314611434937
1415,2023-11-16,-0.2369342515497901,-0.23626962181365216,-0.23633968830108643
1416,2023-11-17,-0.1515377893548444,-0.1508646848646276,-0.15047979354858398
1417,2023-11-18,0.030798627367797732,0.03148002957409221,0.03236168622970581
1418,2023-11-19,0.21145166587363684,0.2121398015466586,0.21336764097213745
1419,2023-11-20,0.28313057412273734,0.2838226201399676,0.2851782441139221
1420,2023-11-21,0.21488389650457818,0.21557757973399078,0.21690136194229126
1421,2023-11-22,0.07611184423134754,0.07680676442513107,0.07804286479949951
1422,2023-11-23,-0.02349259000296372,-0.0227957755808451,-0.021625757217407227
1423,2023-11-24,-0.02500442818323234,-0.02430616793037718,-0.02313441038131714
1424,2023-11-25,0.038534118050033817,0.039231191659154785,0.04051649570465088
1425,2023-11-26,0.08448900612244459,0.08518143077680024,0.08672726154327393
1426,2023-11-27,0.06295421104297366,0.06364003169479515,0.0655621886253357
1427,2023-11-28,0.0009792364621071525,0.0016583733711891119,0.003938138484954834
1428,2023-11-29,-0.029632047493093838,-0.028960688728137562,-0.026523470878601074
1429,2023-11-30,0.014522529565559994,0.01518001114674944,0.017484188079833984
1430,2023-12-01,0.10645710168878314,0.10708845054655804,0.1090746521949768
1431,2023-12-02,0.17634649724577517,0.1769369457630896,0.17868167161941528
1432,2023-12-03,0.17838652628561846,0.1789249866556124,0.18074387311935425
1433,2023-12-04,0.13094093488115294,0.131423948615878,0.13366937637329102
1434,2023-12-05,0.09378264867148221,0.09421297824146174,0.09704351425170898
1435,2023-12-06,0.10916144115048163,0.10954272603913257,0.11284631490707397
1436,2023-12-07,0.1661210432162096,0.16645324213813076,0.16997277736663818
1437,2023-12-08,0.21958682920732664,0.21986621765565556,0.22340553998947144
1438,2023-12-09,0.23865999055772158,0.23888320612743177,0.24241262674331665
1439,2023-12-10,0.231551717660342,0.2317197283321918,0.23530441522598267
1440,2023-12-11,0.22380865572230607,0.22392878871825272,0.22757166624069214
1441,2023-12-12,0.21910161504415732,0.21917976525675031,0.22275155782699585
1442,2023-12-13,0.19116084860275256,0.19119908762379756,0.19452553987503052
1443,2023-12-14,0.12029609488095208,0.12029147833909165,0.12332183122634888
1444,2023-12-15,0.035328288381620776,0.035275282476907976,0.038171470165252686
1445,2023-12-16,0.008901278473060742,0.008795069968842842,0.011850714683532715
1446,2023-12-17,0.09849567548503937,0.09833336522994171,0.10178601741790771
1447,2023-12-18,0.28437762056684274,0.28415688895672325,0.2880461812019348
1448,2023-12-19,0.4679002469800738,0.46761767216705963,0.47179144620895386
1449,2023-12-20,0.5417524824240381,0.541403694169332,0.5456416010856628
1450,2023-12-21,0.47496590006970685,0.47454741307078785,0.4786882996559143
1451,2023-12-22,0.3369272044033954,0.3364377644175206,0.34042447805404663
1452,2023-12-23,0.2373194406798402,0.23675923096820806,0.24061208963394165
1453,2023-12-24,0.23506127223755602,0.23442977062054315,0.23821550607681274
1454,2023-12-25,0.2971078571505339,0.29640277606410204,0.300232470035553
1455,2023-12-26,0.34082623634671516,0.34004489363561474,0.34406453371047974
1456,2023-12-27,0.31631518906460554,0.3154568595625362,0.31978172063827515
1457,2023-12-28,0.250632728293822,0.24969902413091485,0.25430983304977417
1458,2023-12-29,0.2155949005061208,0.21458689105188172,0.21928316354751587
1459,2023-12-30,0.2546196590493164,0.2535338883730268,0.25802499055862427
1460,2023-12-31,0.34074044523979885,0.3395677851010723,0.3436686396598816
1461,2024-01-01,0.40415481528440905,0.40288411172565197,0.40667134523391724
1462,2024-01-02,0.3990846031239347,0.3977088677618368,0.4014982581138611
1463,2024-01-03,0.3439227302696558,0.34244308637314425,0.34658700227737427
1464,2024-01-04,0.2984742857409036,0.2968985535520435,0.30155616998672485
1465,2024-01-05,0.3050240127082803,0.30336135625308347,0.30842095613479614
1466,2024-01-06,0.3526532195036799,0.35090957662105504,0.3561144471168518
1467,2024-01-07,0.3963272514950272,0.3945053162457539,0.3996599316596985
1468,2024-01-08,0.40518943633020976,0.4032926862463902,0.4083678126335144
1469,2024-01-09,0.38749502459872376,0.3855316679897782,0.3905934691429138
1470,2024-01-10,0.36883639324857076,0.36681941993303646,0.3718731999397278
1471,2024-01-11,0.35293149380481875,0.35087476549932584,0.3557921051979065
1472,2024-01-12,0.31355885995386334,0.3114727356855359,0.3160800337791443
1473,2024-01-13,0.2310773741698636,0.22896748568558184,0.23323661088943481
1474,2024-01-14,0.13435769758674493,0.1322273414756715,0.13632774353027344
1475,2024-01-15,0.096093705564542,0.0939471164896595,0.09817314147949219
1476,2024-01-16,0.17381604967922076,0.17165955494229607,0.17624956369400024
1477,2024-01-17,0.34784064445920587,0.34568128847622015,0.35067564249038696
1478,2024-01-18,0.5195698483441678,0.5174136680205446,0.5226609110832214
1479,2024-01-19,0.5817409902476773,0.5795931243457502,0.584873616695404
1480,2024-01-20,0.5034329511424084,0.5012994276812816,0.506452739238739
1481,2024-01-21,0.35407838846993467,0.35196742370072537,0.3569369912147522
1482,2024-01-22,0.24340469381642008,0.2413258505297135,0.24613267183303833
1483,2024-01-23,0.2303730296808758,0.2283350253788375,0.23304635286331177
1484,2024-01-24,0.28197897830557006,0.27998857587978043,0.2847157120704651
1485,2024-01-25,0.3156277160991322,0.3136910450078322,0.3185805678367615
1486,2024-01-26,0.2814536708376425,0.2795785290965095,0.28474611043930054
1487,2024-01-27,0.20654783548013167,0.20474402067562714,0.21017080545425415
1488,2024-01-28,0.16275640399792896,0.1610327845029771,0.16651850938796997
1489,2024-01-29,0.19352449954609474,0.1918849840931274,0.1971392035484314
1490,2024-01-30,0.271909629849014,0.2703519737463339,0.2751895785331726
1491,2024-01-31,0.3281302086345263,0.3266496149693277,0.3311474919319153
1492,2024-02-01,0.31642563376653576,0.3150209009600937,0.3194947838783264
1493,2024-02-02,0.25520303357298735,0.2538804596392796,0.2586827874183655
1494,2024-02-03,0.20427830475394482,0.20305023297580613,0.20833998918533325
1495,2024-02-04,0.2059435786094592,0.20482300712876794,0.21048849821090698
1496,2024-02-05,0.24928413323306592,0.24828011052370325,0.2540643811225891
1497,2024-02-06,0.28926588801510045,0.2883834636300859,0.29409080743789673
1498,2024-02-07,0.295029392660629,0.29427361593127005,0.299874484539032
1499,2024-02-08,0.2748238323285877,0.27420367443527316,0.2797638773918152
1500,2024-02-09,0.254232315653682,0.2537606986262664,0.2592852711677551
1501,2024-02-10,0.2369604269914225,0.2366502960430785,0.24201053380966187
1502,2024-02-11,0.19677135661036402,0.1966312913261034,0.20165294408798218
1503,2024-02-12,0.11400580755483677,0.11403878704455842,0.11867183446884155
1504,2024-02-13,0.017513582311804804,0.017719371161331904,0.022126078605651855
1505,2024-02-14,-0.020034809443521345,-0.019656389931271723,-0.015182077884674072
1506,2024-02-15,0.058865597431889655,0.05941768245797066,0.06419730186462402
1507,2024-02-16,0.2345029093338104,0.2352295393243813,0.24035459756851196
1508,2024-02-17,0.40824976522867007,0.4091499505257431,0.4144684672355652
1509,2024-02-18,0.47281208339755243,0.4738830898672097,0.47917503118515015
1510,2024-02-19,0.3972358714481692,0.39847502747895636,0.4035795331001282
1511,2024-02-20,0.25091968580662893,0.2523257051778674,0.2571858763694763
1512,2024-02-21,0.14355582948017653,0.14512799779473118,0.14976447820663452
1513,2024-02-22,0.13406963226142332,0.13580564738973522,0.14028513431549072
1514,2024-02-23,0.18942034466773744,0.19131524373517905,0.19574898481369019
1515,2024-02-24,0.22697655747642778,0.2290240782558399,0.23355823755264282
1516,2024-02-25,0.19683610238267563,0.1990310292520363,0.20378106832504272
1517,2024-02-26,0.12605360598114346,0.12839214847933472,0.13333898782730103
1518,2024-02-27,0.08643936086903502,0.0889162758323418,0.09385943412780762
1519,2024-02-28,0.12140328265221045,0.12400789786932838,0.128656804561615
1520,2024-02-29,0.20396858622513003,0.206683663660093,0.21085315942764282
1521,2024-03-01,0.26432051873035634,0.2671259154020844,0.27089279890060425
1522,2024-03-02,0.2566666385034002,0.2595455161159042,0.2632254958152771
1523,2024-03-03,0.19938375022023852,0.2023265436077011,0.20627206563949585
1524,2024-03-04,0.152259118481396,0.155262147280943,0.15963232517242432
1525,2024-03-05,0.15755809547716307,0.16061824121217874,0.16530144214630127
1526,2024-03-06,0.20434117944092778,0.20745134965876902,0.2121909260749817
1527,2024-03-07,0.2475516393776652,0.2507007878991937,0.2553010582923889
1528,2024-03-08,0.25630961754878684,0.2594868131657567,0.26391881704330444
1529,2024-03-09,0.2388462307192008,0.2420446494119589,0.2463741898536682
1530,2024-03-10,0.22072893645401362,0.2239459603360838,0.22817867994308472
1531,2024-03-11,0.20565014546322047,0.20888350450347426,0.21289092302322388
1532,2024-03-12,0.1673623935049514,0.17060584519526345,0.1742144227027893
1533,2024-03-13,0.0861982714946566,0.08944043322160075,0.09260040521621704
1534,2024-03-14,-0.008997982995708503,-0.005771182389265966,-0.0028969645500183105
1535,2024-03-15,-0.04555889138528471,-0.042360876698230604,-0.03947794437408447
1536,2024-03-16,0.034019982882076305,0.03720698274573547,0.040307700634002686
1537,2024-03-17,0.21002867133527442,0.2131936505293596,0.21655315160751343
1538,2024-03-18,0.3838441260888279,0.38697497529297864,0.3904417157173157
1539,2024-03-19,0.44817888463686123,0.45126256831609823,0.45461732149124146
1540,2024-03-20,0.3720877824629105,0.3751121949874132,0.3781948685646057
1541,2024-03-21,0.22498030056079132,0.22793563442231768,0.23069018125534058
1542,2024-03-22,0.1165616376546319,0.11943961122437569,0.1218874454498291
1543,2024-03-23,0.10577185235536389,0.10856358740029423,0.11077225208282471
1544,2024-03-24,0.15958660771276587,0.16228158899379885,0.16436338424682617
1545,2024-03-25,0.19539243125158498,0.19797989587929435,0.20008188486099243
1546,2024-03-26,0.1633064473019769,0.1657777538471764,0.16801631450653076
1547,2024-03-27,0.09040375518293262,0.09275278043723682,0.09510976076126099
1548,2024-03-28,0.04851611840762082,0.0507363926643172,0.05301249027252197
1549,2024-03-29,0.08107573512049895,0.0831564738274808,0.08506220579147339
1550,2024-03-30,0.16112872456694988,0.16305369434209518,0.1644049882888794
1551,2024-03-31,0.21888366845374957,0.22063484551995896,0.2215096354484558
1552,2024-04-01,0.2085716979550788,0.21013547008494626,0.2108507752418518
1553,2024-04-02,0.14859323801186464,0.14996436007044886,0.15087395906448364
1554,2024-04-03,0.09875903258051069,0.09993922013077902,0.1012033224105835
1555,2024-04-04,0.10135758785356971,0.10235017108712505,0.10385847091674805
1556,2024-04-05,0.14547205150321624,0.14627741124717197,0.14777469635009766
1557,2024-04-06,0.18606766472113126,0.18668321971257695,0.18797510862350464
1558,2024-04-07,0.19228569976673393,0.19270993769112812,0.1937691569328308
1559,2024-04-08,0.17237740518896394,0.17261383274066922,0.17350763082504272
1560,2024-04-09,0.15192922608948323,0.15198642147135613,0.15272194147109985
1561,2024-04-10,0.13465128141993943,0.1345389855665472,0.13498950004577637
1562,2024-04-11,0.0943124127348047,0.0940371546830994,0.09403067827224731
1563,2024-04-12,0.01126000384683315,0.010823875289900545,0.010312497615814209
1564,2024-04-13,-0.08564852472404899,-0.0862454789181156,-0.08709716796875
1565,2024-04-14,-0.12373420444879235,-0.12449071528824256,-0.12538635730743408
1566,2024-04-15,-0.04548287039301839,-0.04639529308819845,-0.04709434509277344
1567,2024-04-16,0.1294034220628449,0.12833972914975006,0.12787997722625732
1568,2024-04-17,0.3023076842254423,0.3010966310706767,0.30072683095932007
1569,2024-04-18,0.3659466355085301,0.3645915055248478,0.3640947937965393
1570,2024-04-19,0.2893774079343027,0.28788264079252984,0.2871008515357971
1571,2024-04-20,0.1420099007004234,0.14038238649240503,0.1392619013786316
1572,2024-04-21,0.03354787439676704,0.03179610697015295,0.030360519886016846
1573,2024-04-22,0.022928129778244197,0.021060009847725297,0.019379496574401855
1574,2024-04-23,0.0771213031145359,0.07514302385993599,0.07333236932754517
1575,2024-04-24,0.11350719066894666,0.11142455388072284,0.10963320732116699
1576,2024-04-25,0.0821945584687981,0.08001527161794668,0.0783623456954956
1577,2024-04-26,0.010248610190725108,0.007982612691462214,0.006452620029449463
1578,2024-04-27,-0.03051022249924533,-0.03285369259990219,-0.03445720672607422
1579,2024-04-28,0.0033376021576789067,0.0009211614567176882,-0.0010429024696350098
1580,2024-04-29,0.0848243436867369,0.08233350062354974,0.07982778549194336
1581,2024-04-30,0.1441436504407791,0.1415746371169294,0.13860821723937988
1582,2024-05-01,0.13551078369513175,0.13286364044328555,0.12975627183914185
1583,2024-05-02,0.07730950526540975,0.07459198213552608,0.0717003345489502
1584,2024-05-03,0.02933325110981689,0.026559351206907108,0.024046719074249268
1585,2024-05-04,0.033852726712278805,0.031037313894996754,0.028796374797821045
1586,2024-05-05,0.07993294105037692,0.0770871339644376,0.07486552000045776
1587,2024-05-06,0.1225208146630749,0.11965193649949962,0.11725848913192749
1588,2024-05-07,0.13073927327261792,0.12785484991998008,0.1252649426460266
1589,2024-05-08,0.11282134787179524,0.10993302986661019,0.10721713304519653
1590,2024-05-09,0.0943355474195907,0.09145913923031457,0.08862733840942383
1591,2024-05-10,0.07897448492475341,0.07612601794409202,0.0730542540550232
1592,2024-05-11,0.040490070175592946,0.03768141490652101,0.034200847148895264
1593,2024-05-12,-0.040786532554918625,-0.04354890005140691,-0.047483623027801514
1594,2024-05-13,-0.13601327901308827,-0.13872588962312876,-0.142947256565094
1595,2024-05-14,-0.17252561061902533,-0.17518472919515476,-0.17939376831054688
1596,2024-05-15,-0.09282269196264153,-0.0954231586161613,-0.09937691688537598
1597,2024-05-16,0.08338127678303045,0.08084467968371215,0.07719153165817261
1598,2024-05-17,0.2574584405986313,0.2549892766763274,0.25148969888687134
1599,2024-05-18,0.32211601351299596,0.31971631890608,0.31615573167800903
1600,2024-05-19,0.24640305372505686,0.2440751458384908,0.2402976155281067
1601,2024-05-20,0.09972287644493276,0.09747067835565527,0.09342437982559204
1602,2024-05-21,-0.008225806365871648,-0.010397578232871942,-0.01468724012374878
1603,2024-05-22,-0.018509674721834013,-0.020597669279360124,-0.025058627128601074
1604,2024-05-23,0.03584001400760017,0.033836709913565244,0.029320478439331055
1605,2024-05-24,0.07220275555569144,0.07028397842352677,0.06586349010467529
1606,2024-05-25,0.040688601236692566,0.03885545614122573,0.03465080261230469
1607,2024-05-26,-0.031634394596629506,-0.033379156861127995,-0.037382423877716064
1608,2024-05-27,-0.07294141753399955,-0.07459628049130648,-0.07859385013580322
1609,2024-05-28,-0.039807056886232636,-0.041375717729226845,-0.0456540584564209
1610,2024-05-29,0.040808243995146196,0.03931573372231046,0.0345759391784668
1611,2024-05-30,0.09910678920611718,0.09767767962103413,0.09255743026733398
1612,2024-05-31,0.08931377385102682,0.08793882047828047,0.08275789022445679
1613,2024-06-01,0.029824080889902738,0.028501506151423713,0.02361619472503662
1614,2024-06-02,-0.01955664548898948,-0.020822548670297952,-0.025249361991882324
1615,2024-06-03,-0.016544513301894777,-0.017748713640099834,-0.021825015544891357
1616,2024-06-04,0.027939534716383944,0.026798260604425455,0.022819042205810547
1617,2024-06-05,0.06885720602587991,0.06777628226216773,0.06370192766189575
1618,2024-06-06,0.0753468231102253,0.07432393042718169,0.0701284408569336
1619,2024-06-07,0.055657290212197855,0.05469434412164732,0.05044668912887573
1620,2024-06-08,0.03537332922571513,0.03447656369621879,0.03018486499786377
1621,2024-06-09,0.018203966669125445,0.01738005937593098,0.012918591499328613
1622,2024-06-10,-0.02208241385964288,-0.022830679520915463,-0.027633070945739746
1623,2024-06-11,-0.10513825426068119,-0.10581317560540565,-0.11100411415100098
1624,2024-06-12,-0.20210533556502983,-0.2027118589676014,-0.20812642574310303
1625,2024-06-13,-0.2403032804372025,-0.24084568739317283,-0.2461875081062317
1626,2024-06-14,-0.1622159241053326,-0.16269663498048761,-0.16772550344467163
1627,2024-06-15,0.012457244278223603,0.012036337189035816,0.0073626041412353516
1628,2024-06-16,0.18510233897688477,0.184738189868189,0.18026965856552124
1629,2024-06-17,0.24843968470955002,0.24812824705076747,0.24364691972732544
1630,2024-06-18,0.17153048240791402,0.17126853993324143,0.16661524772644043
1631,2024-06-19,0.02378912107079332,0.023575630314994645,0.018695175647735596
1632,2024-06-20,-0.08507577429421488,-0.08527952658610335,-0.09032601118087769
1633,2024-06-21,-0.09612221327217896,-0.09631667060752183,-0.10146081447601318
1634,2024-06-22,-0.04237409670887814,-0.04256154410958061,-0.04769086837768555
1635,2024-06-23,-0.006445946391667318,-0.006629147731734897,-0.011596262454986572
1636,2024-06-24,-0.03822315107915181,-0.0384030065941005,-0.0430912971496582
1637,2024-06-25,-0.11063455554331586,-0.11080973147666592,-0.11523723602294922
1638,2024-06-26,-0.15185372774773515,-0.1520235471217841,-0.15638965368270874
1639,2024-06-27,-0.11845513434957378,-0.11862357086378353,-0.12321823835372925
1640,2024-06-28,-0.03740059017272521,-0.037577427093526745,-0.04258465766906738
1641,2024-06-29,0.021509356668030236,0.0213121608294974,0.015969812870025635
1642,2024-06-30,0.012495594141337357,0.012270084399229234,0.006909012794494629
1643,2024-07-01,-0.046052718841593066,-0.046306560497936265,-0.05133301019668579
1644,2024-07-02,-0.094337029158085,-0.09461271102840227,-0.09914499521255493
1645,2024-07-03,-0.09008184155087914,-0.09037172780223657,-0.09452062845230103
1646,2024-07-04,-0.04421772883064343,-0.0445176215058454,-0.04853940010070801
1647,2024-07-05,-0.0017937642975831697,-0.0021029324349397006,-0.006192445755004883
1648,2024-07-06,0.006316535419819219,0.005999372172584474,0.0018137097358703613
1649,2024-07-07,-0.011650721654870508,-0.011970113005601479,-0.016185343265533447
1650,2024-07-08,-0.030124457638172217,-0.030435781768974785,-0.03467458486557007
1651,2024-07-09,-0.04541002132318586,-0.04570237215087293,-0.050092339515686035
1652,2024-07-10,-0.08375401301917393,-0.08402025496844268,-0.08873414993286133
1653,2024-07-11,-0.16482433922195408,-0.1650623370927543,-0.17014926671981812
1654,2024-07-12,-0.2597785941825998,-0.2599888247713486,-0.2652851343154907
1655,2024-07-13,-0.2959524272888487,-0.2961347082470392,-0.3013450503349304
1656,2024-07-14,-0.21584577691793894,-0.21599811251328155,-0.22088301181793213
1657,2024-07-15,-0.03917417390184845,-0.03929412900524672,-0.04381203651428223
1658,2024-07-16,0.13543265338991006,0.13534623216812494,0.13104528188705444
1659,2024-07-17,0.2006795222145734,0.20062662140609683,0.1963244080543518
1660,2024-07-18,0.12561259475370284,0.12559382903190028,0.1211313009262085
1661,2024-07-19,-0.020368180179427403,-0.02035025929281474,-0.025027811527252197
1662,2024-07-20,-0.12756789411354894,-0.1275096280472859,-0.13237953186035156
1663,2024-07-21,-0.13705743024713707,-0.13695623113792926,-0.14194923639297485
1664,2024-07-22,-0.08187260764985607,-0.08172805141888018,-0.08673059940338135
1665,2024-07-23,-0.044638806228240555,-0.04445129300154025,-0.04931473731994629
1666,2024-07-24,-0.07525111667408935,-0.07501954826776587,-0.07962584495544434
1667,2024-07-25,-0.14664684287230534,-0.1463682691858299,-0.15073376893997192
1668,2024-07-26,-0.18700669263621195,-0.18667921584318425,-0.19100147485733032
1669,2024-07-27,-0.15291088760931074,-0.1525376660766438,-0.1571044921875
1670,2024-07-28,-0.07132555856050592,-0.0709159723126113,-0.07590937614440918
1671,2024-07-29,-0.01205408823013003,-0.011620107733487834,-0.016960203647613525
1672,2024-07-30,-0.0208769119668063,-0.020426919003702804,-0.025794804096221924
1673,2024-07-31,-0.07940466544753179,-0.0789395158770295,-0.08397948741912842
1674,2024-08-01,-0.12783705675957757,-0.1273515006154305,-0.13190102577209473
1675,2024-08-02,-0.12389532666441166,-0.12338336327002589,-0.12755078077316284
1676,2024-08-03,-0.07850527981888392,-0.07796472614036934,-0.08200341463088989
1677,2024-08-04,-0.036709750912759034,-0.036142253959154005,-0.04024404287338257
1678,2024-08-05,-0.029374593701999657,-0.028781594505820046,-0.032972097396850586
1679,2024-08-06,-0.04825467136557053,-0.04763344534378184,-0.05184304714202881
1680,2024-08-07,-0.06776858135381106,-0.06711217171850724,-0.07133185863494873
1681,2024-08-08,-0.08421013317205872,-0.0835112412204957,-0.08786565065383911
1682,2024-08-09,-0.12381326504479914,-0.12306860204549622,-0.12772780656814575
1683,2024-08-10,-0.2062322002789062,-0.20544368608504818,-0.21045368909835815
1684,2024-08-11,-0.30260993960786964,-0.30178228140706603,-0.30697667598724365
1685,2024-08-12,-0.3402667475641875,-0.3394041345149049,-0.34448474645614624
1686,2024-08-13,-0.2616865126076879,-0.26079142630304547,-0.2655160427093506
1687,2024-08-14,-0.08656818314617859,-0.08564273551196595,-0.08996737003326416
1688,2024-08-15,0.08647548959167253,0.08742787175316369,0.08335578441619873
1689,2024-08-16,0.15016655280475186,0.15114127950013004,0.147105872631073
1690,2024-08-17,0.07356850651025709,0.07456165627799835,0.07040625810623169
1691,2024-08-18,-0.07390140147769994,-0.07289173650929658,-0.07721984386444092
1692,2024-08-19,-0.18253114987475058,-0.1815056580950558,-0.18598181009292603
1693,2024-08-20,-0.19337484204486824,-0.1923351353690468,-0.19688820838928223
1694,2024-08-21,-0.13945199520660795,-0.13840166861966335,-0.14291656017303467
1695,2024-08-22,-0.10337230743594367,-0.10231556736231236,-0.10664194822311401
1696,2024-08-23,-0.13501594550115775,-0.13395525697422,-0.1379738450050354
1697,2024-08-24,-0.20730617984909208,-0.20624188456356835,-0.20996779203414917
1698,2024-08-25,-0.24841070149739425,-0.2473438958584937,-0.2509738802909851
1699,2024-08-26,-0.21489785059641753,-0.21383436590411395,-0.21765530109405518
1700,2024-08-27,-0.1337231218684603,-0.1326746686424296,-0.13686782121658325
1701,2024-08-28,-0.07468060812348984,-0.07366112651302785,-0.07814627885818481
1702,2024-08-29,-0.08354289119900371,-0.08256235639446038,-0.08702033758163452
1703,2024-08-30,-0.14191426880784927,-0.14097474137702137,-0.14504951238632202
1704,2024-08-31,-0.1899896938426033,-0.18908673054385083,-0.19261592626571655
1705,2024-09-01,-0.18548728931209282,-0.18461529214250924,-0.18770748376846313
1706,2024-09-02,-0.1393314211480138,-0.13848820290079727,-0.14139670133590698
1707,2024-09-03,-0.09656519239234398,-0.09575198956097683,-0.09866952896118164
1708,2024-09-04,-0.08805644640324956,-0.0872738869685219,-0.09022641181945801
1709,2024-09-05,-0.105563757280251,-0.10480790815778274,-0.10772663354873657
1710,2024-09-06,-0.123511140542446,-0.12277345131249663,-0.12565010786056519
1711,2024-09-07,-0.13819950250626306,-0.13747070918277668,-0.14043080806732178
1712,2024-09-08,-0.17587151439348458,-0.1751460078522811,-0.17836058139801025
1713,2024-09-09,-0.2561917122102217,-0.2554687562868342,-0.2589850425720215
1714,2024-09-10,-0.3503149190007814,-0.3495962515236496,-0.35324880480766296
1715,2024-09-11,-0.38557464795149893,-0.38486120029538196,-0.3883531987667084
1716,2024-09-12,-0.30446936662102464,-0.30376010153563343,-0.30685049295425415
1717,2024-09-13,-0.12671382506457216,-0.12600710417996988,-0.12865304946899414
1718,2024-09-14,0.04906232043107234,0.04976702043332568,0.047409772872924805
1719,2024-09-15,0.11556323815132186,0.11626544381562656,0.11396902799606323
1720,2024-09-16,0.04183371438960795,0.04253375227371486,0.04014009237289429
1721,2024-09-17,-0.10272840405011346,-0.10202809851431024,-0.10457277297973633
1722,2024-09-18,-0.20843102925083376,-0.20772674304737224,-0.2103990912437439
1723,2024-09-19,-0.2163485691191754,-0.21563749253921616,-0.2183675765991211
1724,2024-09-20,-0.15952105035789607,-0.1588023748362964,-0.16147613525390625
1725,2024-09-21,-0.12057871544650933,-0.11985230033794833,-0.12232041358947754
1726,2024-09-22,-0.1494221379498773,-0.148686195921558,-0.15083032846450806
1727,2024-09-23,-0.21899468381188664,-0.21824543663879933,-0.220081627368927
1728,2024-09-24,-0.2574836547263901,-0.2567075405570396,-0.2584439516067505
1729,2024-09-25,-0.22147634471882882,-0.22067544966449157,-0.22259950637817383
1730,2024-09-26,-0.13794637649216013,-0.13712890575518044,-0.13942265510559082
1731,2024-09-27,-0.07670498009423671,-0.07588164131022865,-0.07846522331237793
1732,2024-09-28,-0.08354072458106288,-0.08271856427720892,-0.08527308702468872
1733,2024-09-29,-0.14007259245927403,-0.1392510753022859,-0.1414206624031067
1734,2024-09-30,-0.18650877471029828,-0.18568122086084743,-0.18730372190475464
1735,2024-10-01,-0.18057905078854858,-0.17973800890220584,-0.180921733379364
1736,2024-10-02,-0.13321773697369602,-0.1323595709230364,-0.1333579421043396
1737,2024-10-03,-0.0894760676727766,-0.08860098764829835,-0.08960622549057007
1738,2024-10-04,-0.08022809830820718,-0.0793361436762401,-0.08037388324737549
1739,2024-10-05,-0.09723660891534647,-0.0963237074748202,-0.09732460975646973
1740,2024-10-06,-0.11492774230606556,-0.11398566245434262,-0.11494070291519165
1741,2024-10-07,-0.1296023959688359,-0.12862265544655355,-0.12965679168701172
1742,2024-10-08,-0.16750105435998275,-0.16647929013327092,-0.16776251792907715
1743,2024-10-09,-0.24828386312544143,-0.24722104738043038,-0.24879974126815796
1744,2024-10-10,-0.34309904226647564,-0.34199907777269983,-0.3437066078186035
1745,2024-10-11,-0.37927129697351497,-0.37813772741834817,-0.37967613339424133
1746,2024-10-12,-0.2992881065761436,-0.2981229416691896,-0.29925018548965454
1747,2024-10-13,-0.12285109438875486,-0.121656161207824,-0.12232786417007446
1748,2024-10-14,0.05142528992687029,0.052646650263291885,0.05228292942047119
1749,2024-10-15,0.11626242586059862,0.11750549918740953,0.11723387241363525
1750,2024-10-16,0.040724223855540614,0.04198474553744763,0.0416487455368042
1751,2024-10-17,-0.10577053966929542,-0.10449504718472527,-0.10494792461395264
1752,2024-10-18,-0.21350716445655657,-0.21221819152474924,-0.2127630114555359
1753,2024-10-19,-0.22353590062179854,-0.22223609738855687,-0.22280162572860718
1754,2024-10-20,-0.1688712226157276,-0.16756546068210676,-0.16803616285324097
1755,2024-10-21,-0.1321165899703045,-0.13081059097873976,-0.13103598356246948
1756,2024-10-22,-0.1631447381113279,-0.16184271919566037,-0.16170305013656616
1757,2024-10-23,-0.2348703257614149,-0.23357461392639328,-0.2330847978591919
1758,2024-10-24,-0.27545127380694423,-0.27416517834825366,-0.2735212445259094
1759,2024-10-25,-0.24144502545778262,-0.24017681057275397,-0.23966532945632935
1760,2024-10-26,-0.159795092888711,-0.1585591125097781,-0.15836101770401
1761,2024-10-27,-0.10028255148181428,-0.0990955883180778,-0.09913039207458496
1762,2024-10-28,-0.10866599086443113,-0.10754104862315766,-0.10748869180679321
1763,2024-10-29,-0.16653481100152917,-0.1654771497823877,-0.16498154401779175
1764,2024-10-30,-0.2140682395884488,-0.21307677008508658,-0.21197515726089478
1765,2024-10-31,-0.20896793356439822,-0.2080405479274804,-0.20644080638885498
1766,2024-11-01,-0.16214114654399356,-0.1612792642881076,-0.15943467617034912
1767,2024-11-02,-0.11861332518360931,-0.11782188509531122,-0.11592453718185425
1768,2024-11-03,-0.10923422155488482,-0.10851762726859057,-0.1065935492515564
1769,2024-11-04,-0.1257439991084801,-0.12510214326815408,-0.12308210134506226
1770,2024-11-05,-0.14254806458770058,-0.14197624836547587,-0.1398518681526184
1771,2024-11-06,-0.1559286436008302,-0.1554214554866531,-0.15331822633743286
1772,2024-11-07,-0.1921097851197785,-0.19166544376569195,-0.18975448608398438
1773,2024-11-08,-0.27073759511253,-0.27035914141149053,-0.2686876058578491
1774,2024-11-09,-0.3629487950774317,-0.36264166691604166,-0.36104437708854675
1775,2024-11-10,-0.396059263043822,-0.3958279884904135,-0.3940083384513855
1776,2024-11-11,-0.3125504364217429,-0.3123974452834206,-0.31011509895324707
1777,2024-11-12,-0.1321207785312299,-0.13204774386029164,-0.12926000356674194
1778,2024-11-13,0.0466154604299136,0.046605931713046556,0.04974925518035889
1779,2024-11-14,0.11637683906541407,0.11628134937112478,0.11956250667572021
1780,2024-11-15,0.04622138616219132,0.046037568141152285,0.04929763078689575
1781,2024-11-16,-0.09444108484048952,-0.0947132362817022,-0.0915292501449585
1782,2024-11-17,-0.19590791833639565,-0.1962668552997253,-0.19313669204711914
1783,2024-11-18,-0.19924447070376333,-0.199689252449406,-0.19654446840286255
1784,2024-11-19,-0.1374833437438823,-0.138014715216107,-0.13474273681640625
1785,2024-11-20,-0.09324908451287509,-0.09386812537336682,-0.09032148122787476
1786,2024-11-21,-0.11643839504993653,-0.11714418902271202,-0.11320626735687256
1787,2024-11-22,-0.17999267888888443,-0.18078195531808522,-0.17647099494934082
1788,2024-11-23,-0.21209925972421728,-0.21296929626763603,-0.20848476886749268
1789,2024-11-24,-0.16934750268575594,-0.1703001310826035,-0.1659320592880249
1790,2024-11-25,-0.07871520418706973,-0.07975798089953669,-0.07569074630737305
1791,2024-11-26,-0.01001991235201427,-0.011162495813235987,-0.007319152355194092
1792,2024-11-27,-0.00905868822788955,-0.010306671397816932,-0.006370961666107178
1793,2024-11-28,-0.05746119717669197,-0.058812185112091346,-0.05443155765533447
1794,2024-11-29,-0.09544850791643489,-0.09689355568943663,-0.09190893173217773
1795,2024-11-30,-0.08076546338912763,-0.082294451896502,-0.07681739330291748
1796,2024-12-01,-0.024363606653723797,-0.02596983437790846,-0.020257234573364258
1797,2024-12-02,0.028686473647490038,0.027006252296532966,0.03275841474533081
1798,2024-12-03,0.047489289611007776,0.04573887203915117,0.05150121450424194
1799,2024-12-04,0.040258612952055836,0.03844627762650164,0.04428434371948242
1800,2024-12-05,0.032542912393103834,0.030681453153252998,0.03660005331039429
1801,2024-12-06,0.028014050122786502,0.026116851973704426,0.03198719024658203
1802,2024-12-07,0.00040255030182033413,-0.0015207977672080444,0.0041266679763793945
1803,2024-12-08,-0.06998236236503358,-0.0719273023990356,-0.06655299663543701
1804,2024-12-09,-0.15432105152682501,-0.1562856725922191,-0.15102261304855347
1805,2024-12-10,-0.17997174489361345,-0.18195351550062336,-0.1765081286430359
1806,2024-12-11,-0.08945667786637818,-0.0914512944801539,-0.0855860710144043
1807,2024-12-12,0.09748669136117255,0.09548392840303632,0.10180878639221191
1808,2024-12-13,0.2822071628095157,0.28019962704972556,0.286831796169281
1809,2024-12-14,0.3573886213069745,0.3553784747526757,0.3620975613594055
1810,2024-12-15,0.2920569161849177,0.29004690481183015,0.2966915965080261
1811,2024-12-16,0.15559237999947675,0.15358714374722235,0.1601002812385559
1812,2024-12-17,0.057671074862748445,0.055676319884959594,0.062078118324279785
1813,2024-12-18,0.05720411040259615,0.05522443408963775,0.06158137321472168
1814,2024-12-19,0.12113856455715744,0.11917636593550134,0.12559926509857178
1815,2024-12-20,0.16683291905241143,0.1648897424953396,0.17152464389801025
1816,2024-12-21,0.14437696512211612,0.14245582760482756,0.14941763877868652
1817,2024-12-22,0.0808193517942184,0.07892510179881637,0.08619451522827148
1818,2024-12-23,0.04796644069705526,0.04610285982223559,0.053479135036468506
1819,2024-12-24,0.08922623641478189,0.08739204169880976,0.09458434581756592
1820,2024-12-25,0.177622026037126,0.17580971111302063,0.18263274431228638
1821,2024-12-26,0.24334106566943092,0.24154053890873062,0.24807077646255493
1822,2024-12-27,0.2405948036039834,0.23879957440861452,0.24535256624221802
1823,2024-12-28,0.18776575082239932,0.18597687419239883,0.19290488958358765
1824,2024-12-29,0.14464862156717176,0.14287334312130348,0.1503351330757141
1825,2024-12-30,0.15351788016223678,0.1517641730380213,0.15964794158935547
1826,2024-12-31,0.20344471138456582,0.20171677293897375,0.2097657322883606
1827,2025-01-01,0.249384550485996,0.2476827970922057,0.25570112466812134
1828,2025-01-02,0.26047108499972177,0.2587961950295131,0.266754686832428
1829,2025-01-03,0.2449502500215896,0.2433071301328781,0.2512715458869934
1830,2025-01-04,0.22840548395091448,0.2268033419314567,0.23477917909622192
1831,2025-01-05,0.21454622641003834,0.21299468666975796,0.22085314989089966
1832,2025-01-06,0.17714297258953035,0.17564772950879695,0.18321532011032104
1833,2025-01-07,0.0965470834074117,0.09510870733697324,0.10233527421951294
1834,2025-01-08,0.0016222554113625165,0.00023861784490704363,0.0072869062423706055
1835,2025-01-09,-0.03494400736709652,-0.036274425263903,-0.029110193252563477
1836,2025-01-10,0.04437320089459282,0.04309628538816974,0.05061483383178711
1837,2025-01-11,0.21988470271276062,0.21866203744629342,0.22657519578933716
1838,2025-01-12,0.39298844209857553,0.39181955605183216,0.39997583627700806
1839,2025-01-13,0.4564180305121411,0.45530138505412115,0.46348124742507935
1840,2025-01-14,0.37924934327650617,0.37818416245097153,0.3862270712852478
1841,2025-01-15,0.23091275419375934,0.22990036729676872,0.23774999380111694
1842,2025-01-16,0.12113409875516143,0.12017714267859725,0.12785428762435913
1843,2025-01-17,0.10887371176692556,0.10797398335525721,0.11554604768753052
1844,2025-01-18,0.16112707238075896,0.16028446315525027,0.1678628921508789
1845,2025-01-19,0.19529997012522146,0.1945138310838525,0.20224529504776
1846,2025-01-20,0.1615281491888714,0.16079963571316025,0.16879963874816895
1847,2025-01-21,0.08690460493045163,0.0862370497301608,0.09448707103729248
1848,2025-01-22,0.043278198140500726,0.04267422314430518,0.05097401142120361
1849,2025-01-23,0.07409735756966554,0.07355488265383883,0.08161407709121704
1850,2025-01-24,0.15242350578945665,0.15193459237735032,0.15956825017929077
1851,2025-01-25,0.20847954744224623,0.2080340350768879,0.21531909704208374
1852,2025-01-26,0.19650991079001193,0.19610159781754097,0.20335394144058228
1853,2025-01-27,0.1349272543143306,0.1345578328170349,0.14212995767593384
1854,2025-01-28,0.08355346206389971,0.08323109156034159,0.09128212928771973
1855,2025-01-29,0.08468706477157328,0.08442100700227925,0.09283924102783203
1856,2025-01-30,0.12742010473486884,0.12721614134216208,0.13574492931365967
1857,2025-01-31,0.16672558112870614,0.16658598348290077,0.175029456615448
1858,2025-02-01,0.17175138830298464,0.17167893203364387,0.18000811338424683
1859,2025-02-02,0.15075426903441547,0.15075616858958596,0.15903645753860474
1860,2025-02-03,0.12932504985209672,0.1294129965684603,0.13764995336532593
1861,2025-02-04,0.11117714013926008,0.11136338017531924,0.11942803859710693
1862,2025-02-05,0.07008160910988936,0.07037455673437841,0.07809305191040039
1863,2025-02-06,-0.013612960261922769,-0.013209958921835872,-0.005887866020202637
1864,2025-02-07,-0.1110489368586993,-0.11053522275847122,-0.1034470796585083
1865,2025-02-08,-0.14954808496205269,-0.14892242323673766,-0.14177441596984863
1866,2025-02-09,-0.07159786591903503,-0.07085730077292954,-0.0634114146232605
1867,2025-02-10,0.10309719936912143,0.10395596069695046,0.11173981428146362
1868,2025-02-11,0.27591687548362687,0.2768957308057916,0.2848655581474304
1869,2025-02-12,0.3395739152372407,0.3406734707859277,0.3486092686653137
1870,2025-02-13,0.2631208282680953,0.2643421815181209,0.27208322286605835
1871,2025-02-14,0.11596230194657803,0.11730833756604489,0.12479746341705322
1872,2025-02-15,0.007796363629613529,0.009270910438392857,0.016528785228729248
1873,2025-02-16,-0.0024463713483740823,-0.0008407317627102534,0.006252706050872803
1874,2025-02-17,0.05219816553067044,0.05393512527145981,0.06097519397735596
1875,2025-02-18,0.08910289043082825,0.09097036901911355,0.0981033444404602
1876,2025-02-19,0.058369446525400465,0.06036792239490828,0.06770896911621094
1877,2025-02-20,-0.012944259405966413,-0.010812688462066254,-0.0032825469970703125
1878,2025-02-21,-0.05302519927894553,-0.05075973405395841,-0.04324108362197876
1879,2025-02-22,-0.018461276068243687,-0.01606643324451678,-0.008849918842315674
1880,2025-02-23,0.06377234716687372,0.06628555668256698,0.07301461696624756
1881,2025-02-24,0.12386197898779289,0.12647966906259783,0.1327979564666748
1882,2025-02-25,0.11601568129083442,0.11872725827075033,0.12495040893554688
1883,2025-02-26,0.05861021118564852,0.061412300649713564,0.06789278984069824
1884,2025-02-27,0.011432245170283128,0.01432726242255665,0.021223902702331543
1885,2025-02-28,0.016746021147600904,0.019736807901361827,0.02693796157836914
1886,2025-03-01,0.06361041483097504,0.0666956639940857,0.0739443302154541
1887,2025-03-02,0.10696658586508079,0.11014082374124956,0.11724138259887695
1888,2025-03-03,0.11593210495032294,0.1191897234398131,0.1261129379272461
1889,2025-03-04,0.09873508276193421,0.10207429687023253,0.1088860034942627
1890,2025-03-05,0.08093956671974917,0.08436248080403544,0.09106796979904175
1891,2025-03-06,0.06623418634691824,0.06974290535969574,0.07621371746063232
1892,2025-03-07,0.028367360472198844,0.0319596415629797,0.03802192211151123
1893,2025-03-08,-0.0523327353739583,-0.04866467596450554,-0.04306083917617798
1894,2025-03-09,-0.14702653846791103,-0.14329359657786475,-0.13798552751541138
1895,2025-03-10,-0.1830514641618472,-0.17926433265302044,-0.1739577054977417
1896,2025-03-11,-0.10290814744731036,-0.09907611484134807,-0.09353256225585938
1897,2025-03-12,0.0736882362634187,0.07755596186138988,0.083376944065094
1898,2025-03-13,0.24810933942336472,0.252001961896776,0.2579488158226013
1899,2025-03-14,0.3130623499299582,0.3169676550735983,0.3228209614753723
1900,2025-03-15,0.23759674632649525,0.2415029538922154,0.24710243940353394
1901,2025-03-16,0.09111668739653764,0.09501381850804144,0.10030317306518555
1902,2025-03-17,-0.01667787436912782,-0.012798767000132105,-0.007798373699188232
1903,2025-03-18,-0.0268520104885019,-0.023000959362221282,-0.018222033977508545
1904,2025-03-19,0.02756496676998635,0.031375812392286845,0.036045193672180176
1905,2025-03-20,0.06395480144554122,0.06771257684149767,0.07241922616958618
1906,2025-03-21,0.032430061279783706,0.03612357031385671,0.040983736515045166
1907,2025-03-22,-0.03993845123140875,-0.03631832153489674,-0.031323015689849854
1908,2025-03-23,-0.08132297918513282,-0.07778610281077845,-0.07285535335540771
1909,2025-03-24,-0.04829501302276651,-0.044855970177842215,-0.040279507637023926
1910,2025-03-25,0.03218822094193706,0.03550903538716173,0.0395469069480896
1911,2025-03-26,0.0903323239070154,0.09351238662222973,0.09708935022354126
1912,2025-03-27,0.08036583049228146,0.08338672142192703,0.08681941032409668
1913,2025-03-28,0.020686968724236643,0.023538358228174724,0.027180135250091553
1914,2025-03-29,-0.028895302361366407,-0.026217026721934183,-0.022206127643585205
1915,2025-03-30,-0.026093840510699268,-0.023590885514537016,-0.01932138204574585
1916,2025-03-31,0.018173564554337537,0.020495869428253113,0.024768054485321045
1917,2025-04-01,0.058871645316720594,0.06100487165239482,0.06508529186248779
1918,2025-04-02,0.0651415927418379,0.06707828131610374,0.0709390640258789
1919,2025-04-03,0.045234996861177615,0.046972645142522126,0.05068075656890869
1920,2025-04-04,0.02473905909630246,0.02629660559502467,0.029842257499694824
1921,2025-04-05,0.0073650584093717525,0.00874622261996115,0.01200246810913086
1922,2025-04-06,-0.033116614184296136,-0.031911275145386706,-0.029117047786712646
1923,2025-04-07,-0.11635665315597826,-0.11533093371783508,-0.11304700374603271
1924,2025-04-08,-0.21349536399792984,-0.21265498424592094,-0.21071726083755493
1925,2025-04-09,-0.251851174526192,-0.2512004750252691,-0.24931305646896362
1926,2025-04-10,-0.17390701149069537,-0.17344776875005888,-0.17137068510055542
1927,2025-04-11,0.0006382554933467566,0.0009054813513228593,0.0032143592834472656
1928,2025-04-12,0.17317107177532093,0.17324523800466474,0.17563623189926147
1929,2025-04-13,0.23641180820160423,0.2362915220617986,0.23854690790176392
1930,2025-04-14,0.15942143326318073,0.1591067602309687,0.16106826066970825
1931,2025-04-15,0.011613834121416353,0.011107615147598962,0.012720644474029541
1932,2025-04-16,-0.09730312364114828,-0.09799609813825222,-0.09670829772949219
1933,2025-04-17,-0.10838845235206887,-0.10926362127243783,-0.10823142528533936
1934,2025-04-18,-0.054667282358182835,-0.05572141287648261,-0.05483078956604004
1935,2025-04-19,-0.018755573083150234,-0.019985431797618455,-0.01908743381500244
1936,2025-04-20,-0.05054033858109078,-0.05194038454004101,-0.05091637372970581
1937,2025-04-21,-0.12295221448928913,-0.12451426586926682,-0.12338042259216309
1938,2025-04-22,-0.1641667017624167,-0.16588286498549557,-0.16483622789382935
1939,2025-04-23,-0.13076031762103885,-0.13262702070778265,-0.13195520639419556
1940,2025-04-24,-0.04969701964074387,-0.05171621144978761,-0.051600754261016846
1941,2025-04-25,0.009220435073858765,0.007044878140454194,0.0066841840744018555
1942,2025-04-26,0.00021068550001150654,-0.0021209032177403747,-0.002638518810272217
1943,2025-04-27,-0.058339372182788,-0.06081855787136524,-0.06113696098327637
1944,2025-04-28,-0.1066334353242395,-0.10924515068977629,-0.10920137166976929
1945,2025-04-29,-0.10239822139105843,-0.10512617375387477,-0.10482823848724365
1946,2025-04-30,-0.056566453458704216,-0.05939774784456091,-0.05909848213195801
1947,2025-05-01,-0.014189268943371441,-0.017114477634989272,-0.017005562782287598
1948,2025-05-02,-0.006142140004701299,-0.009151325723711606,-0.009257733821868896
1949,2025-05-03,-0.02419078460960039,-0.027269601750426198,-0.027521193027496338
1950,2025-05-04,-0.0427658020450336,-0.04589549223941098,-0.046282947063446045
1951,2025-05-05,-0.05817405204336681,-0.06133539748420173,-0.061982572078704834
1952,2025-05-06,-0.09666346424228682,-0.0998412030759255,-0.10091763734817505
1953,2025-05-07,-0.17790307965021374,-0.1810871681562611,-0.1826382875442505
1954,2025-05-08,-0.2730514213152174,-0.27623467586958794,-0.2780933976173401
1955,2025-05-09,-0.3094448531960947,-0.31261970735567834,-0.31448715925216675
1956,2025-05-10,-0.2295838079862224,-0.232741184228353,-0.2343745231628418
1957,2025-05-11,-0.05318408706600873,-0.05631479438934491,-0.05766904354095459
1958,2025-05-12,0.12112453537370213,0.11802805916538359,0.11680608987808228
1959,2025-05-13,0.18604705391253207,0.18299083849624037,0.18168634176254272
1960,2025-05-14,0.11063002709305392,0.10762034865203866,0.10607731342315674
1961,2025-05-15,-0.0357259874482435,-0.03868131081798037,-0.04051452875137329
1962,2025-05-16,-0.14332526892092912,-0.1462177176004887,-0.14831548929214478
1963,2025-05-17,-0.15323769597921297,-0.15606023444758238,-0.1583506464958191
1964,2025-05-18,-0.09849790435377752,-0.10124607939948364,-0.10362142324447632
1965,2025-05-19,-0.06172992729202704,-0.0644005308566512,-0.06670951843261719
1966,2025-05-20,-0.09282736283669285,-0.09541610924486743,-0.0975382924079895
1967,2025-05-21,-0.16472589525179449,-0.1672270647211571,-0.16917651891708374
1968,2025-05-22,-0.20560450626247295,-0.2080138436496434,-0.20998620986938477
1969,2025-05-23,-0.1720416067279721,-0.174360317523997,-0.17664122581481934
1970,2025-05-24,-0.09100145475384808,-0.09323736024344648,-0.09600722789764404
1971,2025-05-25,-0.03228552215856617,-0.03444941563081193,-0.03762686252593994
1972,2025-05-26,-0.04167231928733302,-0.04377177219245378,-0.04703646898269653
1973,2025-05-27,-0.1007705672176488,-0.1028059752066176,-0.10580098628997803
1974,2025-05-28,-0.14977809436837866,-0.1517440788154234,-0.15430599451065063
1975,2025-05-29,-0.1464143210823236,-0.14830506393153703,-0.1505412459373474
1976,2025-05-30,-0.10160331469321973,-0.10341710502074436,-0.10558021068572998
1977,2025-05-31,-0.0603862787873828,-0.06212550206709207,-0.06440722942352295
1978,2025-06-01,-0.05362756438035651,-0.05529464217206777,-0.057720184326171875
1979,2025-06-02,-0.07308068120852493,-0.07467408626013256,-0.07717400789260864
1980,2025-06-03,-0.09316304205932852,-0.09467720568811627,-0.09724241495132446
1981,2025-06-04,-0.11016745837762232,-0.11159663415890486,-0.11435216665267944
1982,2025-06-05,-0.15032707287973462,-0.15166966155994227,-0.15478605031967163
1983,2025-06-06,-0.2332955298122378,-0.23455525077782965,-0.2380792498588562
1984,2025-06-07,-0.33021547897500414,-0.331398921885565,-0.3351648449897766
1985,2025-06-08,-0.368407071389926,-0.3695203639217744,-0.3732311427593231
1986,2025-06-09,-0.2903543262413245,-0.29140191807491156,-0.29481661319732666
1987,2025-06-10,-0.11575657110118798,-0.11674254594582115,-0.11981827020645142
1988,2025-06-11,0.056772813667951866,0.05584307862012147,0.052957236766815186
1989,2025-06-12,0.11995499736029092,0.11907500725409272,0.11616164445877075
1990,2025-06-13,0.042852357274954234,0.04201635433070462,0.0389171838760376
1991,2025-06-14,-0.10511921959117301,-0.10591488927559879,-0.10925465822219849
1992,2025-06-15,-0.21424930142597862,-0.21500696165176647,-0.21856451034545898
1993,2025-06-16,-0.225593797600681,-0.2263165662876712,-0.23002290725708008
1994,2025-06-17,-0.17217423315720132,-0.17286706475830682,-0.17660921812057495
1995,2025-06-18,-0.1366024986092794,-0.1372707971113722,-0.14090067148208618
1996,2025-06-19,-0.16876111821058187,-0.16940837078439003,-0.17280900478363037
1997,2025-06-20,-0.24157586317984298,-0.24220324663440335,-0.24539202451705933
1998,2025-06-21,-0.28321704481288124,-0.28382629402581844,-0.28700244426727295
1999,2025-06-22,-0.25025571744491076,-0.25085309794825117,-0.25430595874786377
2000,2025-06-23,-0.1696501567012783,-0.17024760345382628,-0.17416101694107056
2001,2025-06-24,-0.11119727447460494,-0.11180873877431875,-0.11610496044158936
2002,2025-06-25,-0.12067248023384904,-0.1213077336800046,-0.12567007541656494
2003,2025-06-26,-0.17968287743126554,-0.18034356283702918,-0.1844184398651123
2004,2025-06-27,-0.22842617183160224,-0.22910721660025785,-0.23273491859436035
2005,2025-06-28,-0.22462315525022591,-0.22531812491964773,-0.2286096215248108
2006,2025-06-29,-0.17920074723145252,-0.17990641739239416,-0.18311768770217896
2007,2025-06-30,-0.13720445849692592,-0.13792083583994125,-0.14124685525894165
2008,2025-07-01,-0.12950436411161603,-0.13023066404248104,-0.13369989395141602
2009,2025-07-02,-0.1478610648775606,-0.14859177036987692,-0.1521378755569458
2010,2025-07-03,-0.16670037030839022,-0.16742518849461513,-0.17104202508926392
2011,2025-07-04,-0.18232472192428373,-0.183032502050692,-0.186847984790802
2012,2025-07-05,-0.22097804320319137,-0.22166116042760553,-0.2258484959602356
2013,2025-07-06,-0.302325817502828,-0.302981407396014,-0.30758994817733765
2014,2025-07-07,-0.39752349084209476,-0.3981510677016613,-0.40301740169525146
2015,2025-07-08,-0.43390485825388814,-0.43450305265247957,-0.4393322467803955
2016,2025-07-09,-0.3539683142337551,-0.3545509491487614,-0.3590867817401886
2017,2025-07-10,-0.17742817026121988,-0.17799120797671358,-0.18219250440597534
2018,2025-07-11,-0.0029132712932390253,-0.003453768449429531,-0.007471144199371338
2019,2025-07-12,0.06228173874268833,0.061765730280409756,0.05771356821060181
2020,2025-07-13,-0.012796789576815154,-0.013285578649912283,-0.0175321102142334
2021,2025-07-14,-0.15874907240329628,-0.15920583865597962,-0.16370201110839844
2022,2025-07-15,-0.2658807196061005,-0.2662994363630466,-0.271023154258728
2023,2025-07-16,-0.27526348318753135,-0.2756390989759602,-0.2805217504501343
2024,2025-07-17,-0.219934395652217,-0.2202639487907236,-0.22519266605377197
2025,2025-07-18,-0.18252038626353118,-0.18280168743795733,-0.18762832880020142
2026,2025-07-19,-0.21291841946077245,-0.2131477518233898,-0.21775496006011963
2027,2025-07-20,-0.28406798299925057,-0.284239771445912,-0.2886444330215454
2028,2025-07-21,-0.32415226178772105,-0.3242620001116743,-0.3286625146865845
2029,2025-07-22,-0.2897542283856219,-0.2898025060477614,-0.2944871783256531
2030,2025-07-23,-0.20784301653774237,-0.20783670667925142,-0.21298819780349731
2031,2025-07-24,-0.14822524006927645,-0.14817389035424933,-0.1537129282951355
2032,2025-07-25,-0.1566847675624774,-0.1565944424348915,-0.1622026562690735
2033,2025-07-26,-0.2148358423197037,-0.2147052062942155,-0.22002750635147095
2034,2025-07-27,-0.2628819250912725,-0.26270368235520036,-0.2675781846046448
2035,2025-07-28,-0.2585481236378735,-0.2583143914808485,-0.26284998655319214
2036,2025-07-29,-0.2127641921297473,-0.21247108626731762,-0.2169213891029358
2037,2025-07-30,-0.1705769646050091,-0.17022462706160485,-0.17478221654891968
2038,2025-07-31,-0.1628563107176847,-0.1624448876700208,-0.16713565587997437
2039,2025-08-01,-0.18136109247893512,-0.18088678674092315,-0.1856418251991272
2040,2025-08-02,-0.20051385542194647,-0.1999688701351177,-0.20477932691574097
2041,2025-08-03,-0.21661227291234658,-0.21598871018091992,-0.22097963094711304
2042,2025-08-04,-0.2558940298181201,-0.2551882489303027,-0.2605299949645996
2043,2025-08-05,-0.3380169466246544,-0.3372307669325981,-0.342969685792923
2044,2025-08-06,-0.43412744055296626,-0.4332657223779006,-0.4392354190349579
2045,2025-08-07,-0.47154898196950673,-0.4706163212570571,-0.47651901841163635
2046,2025-08-08,-0.3927684260821805,-0.39176796274032016,-0.39736175537109375
2047,2025-08-09,-0.2174874222863586,-0.21642217382197726,-0.22166281938552856
2048,2025-08-10,-0.04432113234997198,-0.04319567204217799,-0.04823100566864014
2049,2025-08-11,0.01945039331765297,0.02063009653922268,0.015584290027618408
2050,2025-08-12,-0.05711110985224582,-0.05588268613280532,-0.0610957145690918
2051,2025-08-13,-0.2045898080927622,-0.20331638234991278,-0.2087491750717163
2052,2025-08-14,-0.31327472885030017,-0.3119589955192411,-0.31758683919906616
2053,2025-08-15,-0.32422064698580183,-0.32286640353754026,-0.32861825823783875
2054,2025-08-16,-0.270447365062049,-0.2690605540090098,-0.27482110261917114
2055,2025-08-17,-0.23456447450716977,-0.23315179276474035,-0.23877054452896118
2056,2025-08-18,-0.2664516407585124,-0.2650181664852076,-0.27037566900253296
2057,2025-08-19,-0.339031238760798,-0.3375800279196367,-0.34269121289253235
2058,2025-08-20,-0.3804696735855462,-0.37900461551027764,-0.38406580686569214
2059,2025-08-21,-0.3473336159423859,-0.34586339022558,-0.35116133093833923
2060,2025-08-22,-0.2665765177455328,-0.26511571464022715,-0.27083152532577515
2061,2025-08-23,-0.20799006889656252,-0.2065555153679505,-0.2126086950302124
2062,2025-08-24,-0.21734410453946262,-0.2159486450799325,-0.22201943397521973
2063,2025-08-25,-0.2762398511809802,-0.2748883735117986,-0.28062063455581665
2064,2025-08-26,-0.32486888807836284,-0.3235597094911413,-0.3287907838821411
2065,2025-08-27,-0.32094568694606823,-0.3196758792435581,-0.32451385259628296
2066,2025-08-28,-0.2753907120229868,-0.2741606435331624,-0.2788587212562561
2067,2025-08-29,-0.23324294383687993,-0.23205626953419342,-0.2368066906929016
2068,2025-08-30,-0.22536591407817758,-0.22422552153992242,-0.22905409336090088
2069,2025-08-31,-0.2435137295619648,-0.2424177657227119,-0.2472553253173828
2070,2025-09-01,-0.2621058180695762,-0.2610476135732517,-0.26588553190231323
2071,2025-09-02,-0.27743841424152327,-0.2764103693165448,-0.2813739776611328
2072,2025-09-03,-0.3157494712975376,-0.3147474079329249,-0.3200073838233948
2073,2025-09-04,-0.39669879932599816,-0.3957231649050889,-0.401326447725296
2074,2025-09-05,-0.49143652646739266,-0.49048998225797885,-0.4962709844112396
2075,2025-09-06,-0.5272915411581904,-0.5263756713629446,-0.5320372581481934
2076,2025-09-07,-0.4467577954166532,-0.4458719366425937,-0.4511731266975403
2077,2025-09-08,-0.26954567163478016,-0.26868827427113406,-0.27358585596084595
2078,2025-09-09,-0.09428064428139143,-0.09345098484570756,-0.09809374809265137
2079,2025-09-10,-0.028254586075294214,-0.027452647466940178,-0.03205758333206177
2080,2025-09-11,-0.10241901023986422,-0.10164368587495134,-0.10636860132217407
2081,2025-09-12,-0.24737266210616932,-0.2466204503874962,-0.25151920318603516
2082,2025-09-13,-0.35342037076880867,-0.3526862121133729,-0.35773545503616333
2083,2025-09-14,-0.3616338161465321,-0.36091328200049505,-0.3660430908203125
2084,2025-09-15,-0.3050506797154585,-0.304341080861586,-0.3094373941421509
2085,2025-09-16,-0.2662992666278817,-0.26559833272190747,-0.2705118656158447
2086,2025-09-17,-0.2952786433311307,-0.2945822232680674,-0.2991948127746582
2087,2025-09-18,-0.36493111813666657,-0.3642328529390708,-0.3685607314109802
2088,2025-09-19,-0.40344340065972756,-0.40273765759602076,-0.4069782793521881
2089,2025-09-20,-0.36740267109370783,-0.36668858074741667,-0.37112975120544434
2090,2025-09-21,-0.2837829257561857,-0.28306558362518286,-0.2878894805908203
2091,2025-09-22,-0.22239626134501791,-0.2216831354830502,-0.22681009769439697
2092,2025-09-23,-0.229032608501987,-0.22832740168446408,-0.23343873023986816
2093,2025-09-24,-0.2853128044099211,-0.28461156031342133,-0.28935182094573975
2094,2025-09-25,-0.33144738220082726,-0.3307399507181461,-0.33494725823402405
2095,2025-09-26,-0.32516894156963905,-0.3244443805956885,-0.32822731137275696
2096,2025-09-27,-0.27741508399377185,-0.2766662755438144,-0.2802785634994507
2097,2025-09-28,-0.23324077721921743,-0.2324644883176504,-0.23609870672225952
2098,2025-09-29,-0.22352423772947577,-0.2227171332221368,-0.22639918327331543
2099,2025-09-30,-0.24003281042959243,-0.23918754213353569,-0.24284851551055908
2100,2025-10-01,-0.2571975795458573,-0.2563027680165062,-0.2599340081214905
2101,2025-10-02,-0.2713247300676226,-0.2703689024231829,-0.2740955948829651
2102,2025-10-03,-0.3086603465778022,-0.3076363347108501,-0.3116289973258972
2103,2025-10-04,-0.38887045123091607,-0.38777663515689853,-0.39208173751831055
2104,2025-10-05,-0.48310937810273685,-0.48194730748197345,-0.48639872670173645
2105,2025-10-06,-0.5187081429218316,-0.5174792721439092,-0.5217792987823486
2106,2025-10-07,-0.43816068887951404,-0.4368652253039401,-0.44077202677726746
2107,2025-10-08,-0.2611752116010025,-0.2598134882309457,-0.2632830739021301
2108,2025-10-09,-0.08637279519691923,-0.08494698668740902,-0.0881272554397583
2109,2025-10-10,-0.021038709340953782,-0.019552708177970085,-0.022659599781036377
2110,2025-10-11,-0.09611565926170668,-0.0945732680401701,-0.09776347875595093
2111,2025-10-12,-0.24219140206132078,-0.24059500832696112,-0.2439212203025818
2112,2025-10-13,-0.34955764009275747,-0.34790877427294054,-0.3513464331626892
2113,2025-10-14,-0.3592708466503153,-0.357572839696469,-0.36105093359947205
2114,2025-10-15,-0.3043514920062518,-0.30261028963698805,-0.306013286113739
2115,2025-10-16,-0.2674087571617846,-0.2656315499487067,-0.2688089609146118
2116,2025-10-17,-0.2983207789501596,-0.29651364637444466,-0.29934585094451904
2117,2025-10-18,-0.37000725334230455,-0.36817477386043423,-0.37067651748657227
2118,2025-10-19,-0.410630732162231,-0.4087788483854623,-0.4111461341381073
2119,2025-10-20,-0.37675284335150283,-0.3748928245042864,-0.3774120509624481
2120,2025-10-21,-0.2953208002798744,-0.2934703640053096,-0.2963225245475769
2121,2025-10-22,-0.23611886150653127,-0.23429849706157252,-0.23740249872207642
2122,2025-10-23,-0.2449082504516937,-0.24313499234210703,-0.24617093801498413
2123,2025-10-24,-0.30328042349027073,-0.3015638656369246,-0.3041751980781555
2124,2025-10-25,-0.35141606293976324,-0.34975972912940356,-0.35178330540657043
2125,2025-10-26,-0.347017657966179,-0.3454243065788628,-0.34696775674819946
2126,2025-10-27,-0.3009926553811676,-0.299468796932935,-0.3007848858833313
2127,2025-10-28,-0.2583660435026448,-0.25692190213452415,-0.2582024931907654
2128,2025-10-29,-0.24998645627162785,-0.2486318830416483,-0.24990230798721313
2129,2025-10-30,-0.26759227530798124,-0.26633273840930766,-0.2675234079360962
2130,2025-10-31,-0.2855864623217561,-0.28442293121677603,-0.2855249047279358
2131,2025-11-01,-0.3002481396379422,-0.29918092725348555,-0.30031919479370117
2132,2025-11-02,-0.33779760408889015,-0.33683067209801865,-0.33817553520202637
2133,2025-11-03,-0.41787657447765986,-0.4170186870984638,-0.41861680150032043
2134,2025-11-04,-0.5116167682956447,-0.5108790283047088,-0.5125645399093628
2135,2025-11-05,-0.5463284652032416,-0.5457209681888099,-0.5471967458724976
2136,2025-11-06,-0.4644869365115858,-0.46401754356725344,-0.4650423526763916
2137,2025-11-07,-0.2857839423609537,-0.2854595830695638,-0.28599023818969727
2138,2025-11-08,-0.10882652718374547,-0.10865485232779144,-0.10884028673171997
2139,2025-11-09,-0.04088846215196304,-0.040877663479155835,-0.040934860706329346
2140,2025-11-10,-0.11290362533186052,-0.1130605787505107,-0.1131477952003479
2141,2025-11-11,-0.25545373190747694,-0.2557826309737974,-0.2559540867805481
2142,2025-11-12,-0.3588273242355324,-0.35933045656883617,-0.35956326127052307
2143,2025-11-13,-0.3640806761474466,-0.3647605526190765,-0.3649854063987732
2144,2025-11-14,-0.304237078801407,-0.3050974832178439,-0.30520105361938477
2145,2025-11-15,-0.26191159485520465,-0.262956206482993,-0.262790322303772
2146,2025-11-16,-0.28699132412182043,-0.28822136306078294,-0.28766876459121704
2147,2025-11-17,-0.3524080072223279,-0.35382185471445093,-0.3528999388217926
2148,2025-11-18,-0.38633930224437446,-0.3879353850100815,-0.3868429660797119
2149,2025-11-19,-0.3453649644798893,-0.3471457451704729,-0.3461722135543823
2150,2025-11-20,-0.2564532948225788,-0.2584264305185911,-0.2577556371688843
2151,2025-11-21,-0.189412518444938,-0.1915872290430881,-0.19114136695861816
2152,2025-11-22,-0.19003060357956342,-0.19241149885706021,-0.19187384843826294
2153,2025-11-23,-0.23992840940765822,-0.2425115645359151,-0.24152886867523193
2154,2025-11-24,-0.2793185401676951,-0.28209293505235455,-0.28050559759140015
2155,2025-11-25,-0.26593776926461443,-0.26889066927251326,-0.26680976152420044
2156,2025-11-26,-0.2107300162517739,-0.21385157238154653,-0.21153360605239868
2157,2025-11-27,-0.15875874086669686,-0.16204203996332978,-0.15968239307403564
2158,2025-11-28,-0.14091284244659324,-0.14434991474136596,-0.1419774889945984
2159,2025-11-29,-0.1489725436360383,-0.15255045211929885,-0.15009933710098267
2160,2025-11-30,-0.15738399214632912,-0.1610848201106452,-0.1585497260093689
2161,2025-12-01,-0.16247059974724745,-0.1662753999623056,-0.16378509998321533
2162,2025-12-02,-0.19049780525777932,-0.1943910150911146,-0.19211947917938232
2163,2025-12-03,-0.2611530633116671,-0.26512377049305896,-0.2631213068962097
2164,2025-12-04,-0.3456141562350891,-0.3496537482118923,-0.34775805473327637
2165,2025-12-05,-0.3712374882225521,-0.37533642036974424,-0.37325385212898254
2166,2025-12-06,-0.2805442427880912,-0.28469092490598924,-0.2821836471557617
2167,2025-12-07,-0.09327160693975187,-0.09745381912084766,-0.09448206424713135
2168,2025-12-08,0.0919287055638145,0.08772204902678227,0.09100604057312012
2169,2025-12-09,0.1677392813986432,0.16351820348760757,0.16689425706863403
2170,2025-12-10,0.10318389281823376,0.09895910501138214,0.10226589441299438
2171,2025-12-11,-0.03235997335192309,-0.036575806257110044,-0.03339552879333496
2172,2025-12-12,-0.12921985434310226,-0.133412987750462,-0.13033908605575562
2173,2025-12-13,-0.12848897376783555,-0.13264680433277723,-0.12961256504058838
2174,2025-12-14,-0.06322529655985656,-0.06733749786531779,-0.06423228979110718
2175,2025-12-15,-0.01607606483229221,-0.020133289454656256,-0.016811251640319824
2176,2025-12-16,-0.03695785928179102,-0.040949456713746,-0.037295758724212646
2177,2025-12-17,-0.09882901402326227,-0.10274271605060097,-0.09877675771713257
2178,2025-12-18,-0.12989072113816064,-0.13371558332329392,-0.1296381950378418
2179,2025-12-19,-0.08674305617842898,-0.09047349715646916,-0.08657580614089966
2180,2025-12-20,0.003628708742672765,-8.291449180797272e-06,0.0035244226455688477
2181,2025-12-21,0.07140284172696026,0.06785534040663671,0.07109922170639038
2182,2025-12-22,0.07078142710363783,0.0673226719565837,0.07059311866760254
2183,2025-12-23,0.020137291013633457,0.01677363005239968,0.020422697067260742
2184,2025-12-24,-0.020744801067248714,-0.024001362144243893,-0.01981496810913086
2185,2025-12-25,-0.009600539040526934,-0.01273771194724796,-0.008126020431518555
2186,2025-12-26,0.042630961770023235,0.039621162620899014,0.04440122842788696
2187,2025-12-27,0.09089475096529759,0.0880159822634195,0.09276831150054932
2188,2025-12-28,0.10431410555233522,0.10156972050808513,0.10626494884490967
2189,2025-12-29,0.09112458584784455,0.08852158646867739,0.09322530031204224
2190,2025-12-30,0.07689935140476356,0.07444845097827346,0.07916581630706787
2191,2025-12-31,0.06533771829084711,0.06304945024052577,0.06765168905258179
2192,2026-01-01,0.030200271580210408,0.028080639949892905,0.03239399194717407
2193,2026-01-02,-0.04817126792307114,-0.05012198153687847,-0.046147704124450684
2194,2026-01-03,-0.140922519165619,-0.14270732571447142,-0.13890957832336426
2195,2026-01-04,-0.17537491666502647,-0.17699680262572648,-0.17308145761489868
2196,2026-01-05,-0.09401206650056348,-0.09547278978392702,-0.09120172262191772
2197,2026-01-06,0.08346881534823286,0.08216740481610288,0.08683454990386963
2198,2026-01-07,0.25845815133633093,0.2573124469951804,0.262224018573761
2199,2026-01-08,0.3236825883369669,0.3226874010399474,0.3276239037513733
2200,2026-01-09,0.24821163034485094,0.24736204469263617,0.25216275453567505
2201,2026-01-10,0.10146990540866552,0.10076265146447233,0.10537117719650269
2202,2026-01-11,-0.006821842991739824,-0.0073891553238315255,-0.0029520392417907715
2203,2026-01-12,-0.017707694478989983,-0.01813868837685123,-0.013805627822875977
2204,2026-01-13,0.03580411264542499,0.03550355282286394,0.03984421491622925
2205,2026-01-14,0.0711163622592384,0.0709394951584375,0.07543414831161499
2206,2026-01-15,0.03836251491272691,0.03830412842752287,0.04306858777999878
2207,2026-01-16,-0.03536599013068362,-0.03530916290496275,-0.030293524265289307
2208,2026-01-17,-0.07822111977398202,-0.07805097497005298,-0.07298654317855835
2209,2026-01-18,-0.04675454835477666,-0.04648009567765629,-0.04164004325866699
2210,2026-01-19,0.03209575981545229,0.0324595562515447,0.03690016269683838
2211,2026-01-20,0.0885540257934973,0.08898993080205328,0.09310793876647949
2212,2026-01-21,0.07686668024010512,0.07736141518155593,0.08147299289703369
2213,2026-01-22,0.015449048456782799,0.015997272966518955,0.020454883575439453
2214,2026-01-23,-0.03587367991231591,-0.03527074788082013,-0.03030794858932495
2215,2026-01-24,-0.03479905928806562,-0.034138963094975466,-0.028782308101654053
2216,2026-01-25,0.007769443542675947,0.008485861423071062,0.013979494571685791
2217,2026-01-26,0.046809858151669825,0.04757846911800717,0.053013503551483154
2218,2026-01-27,0.05147560904421325,0.05229305441535553,0.0576404333114624
2219,2026-01-28,0.030029426344620552,0.03089709151504544,0.03622281551361084
2220,2026-01-29,0.008068536014088273,0.008992625938581189,0.014301776885986328
2221,2026-01-30,-0.010686888358883623,-0.00969923624583982,-0.004535079002380371
2222,2026-01-31,-0.0524586977768787,-0.05140376794508311,-0.04655855894088745
2223,2026-02-01,-0.13689096461998612,-0.1357696702381595,-0.13129347562789917
2224,2026-02-02,-0.23511850015257185,-0.23393397563496932,-0.22966444492340088
2225,2026-02-03,-0.27445535076369043,-0.2732096657067293,-0.2688525915145874
2226,2026-02-04,-0.19738115277132062,-0.19607414706591114,-0.19139158725738525
2227,2026-02-05,-0.02359254813170411,-0.022223199660842047,-0.017175018787384033
2228,2026-02-06,0.1482981076669037,0.14972996377141223,0.15499186515808105
2229,2026-02-07,0.21101139606682773,0.21250517976049516,0.21776098012924194
2230,2026-02-08,0.1336075527500145,0.13516372712617,0.1402524709701538
2231,2026-02-09,-0.01450116140456309,-0.012879792704049597,-0.008014917373657227
2232,2026-02-10,-0.1236093463352751,-0.12191848446977631,-0.11725693941116333
2233,2026-02-11,-0.13477926109394367,-0.13301530946011492,-0.128490149974823
2234,2026-02-12,-0.08104000262945346,-0.07920118358375033,-0.07470136880874634
2235,2026-02-13,-0.04501215274908654,-0.04309719544803889,-0.03847658634185791
2236,2026-02-14,-0.0765879373346196,-0.07459378618984633,-0.06973695755004883
2237,2026-02-15,-0.14870372525608472,-0.1466252205933164,-0.1415514349937439
2238,2026-02-16,-0.18954120288913823,-0.18737402241955692,-0.1822836995124817
2239,2026-02-17,-0.15568345520490498,-0.15342815793307207,-0.14861220121383667
2240,2026-02-18,-0.07410131987879975,-0.0717645539340013,-0.06740802526473999
2241,2026-02-19,-0.014604676869794053,-0.01219559268595019,-0.00822216272354126
2242,2026-02-20,-0.022982184095990593,-0.02050630134061099,-0.016600191593170166
2243,2026-02-21,-0.08085434896250437,-0.07830966662947106,-0.07411855459213257
2244,2026-02-22,-0.12843231355013948,-0.1258107782702464,-0.12117594480514526
2245,2026-02-23,-0.1234502179105156,-0.1207431277553476,-0.11577630043029785
2246,2026-02-24,-0.07684812491211512,-0.07405074650102134,-0.06900900602340698
2247,2026-02-25,-0.033684371347455555,-0.030796000653074945,-0.025875091552734375
2248,2026-02-26,-0.024841434084563352,-0.021861408056205095,-0.01709061861038208
2249,2026-02-27,-0.042091790548955677,-0.03901557394361113,-0.03432929515838623
2250,2026-02-28,-0.05987250760967394,-0.05669167129616559,-0.05208474397659302
2251,2026-03-01,-0.07449657826280448,-0.07120273243449302,-0.0668036937713623
2252,2026-03-02,-0.11221769304027875,-0.10880687967169518,-0.10478973388671875
2253,2026-03-03,-0.1927102479726032,-0.18918417728538545,-0.1855989694595337
2254,2026-03-04,-0.28713768642525517,-0.2835013504253425,-0.2801855206489563
2255,2026-03-05,-0.32284083389607166,-0.3190992324064249,-0.3157586455345154
2256,2026-03-06,-0.2423241065636052,-0.2384810853911347,-0.2348775863647461
2257,2026-03-07,-0.06530679676927323,-0.06136640933691542,-0.05745965242385864
2258,2026-03-08,0.10957833255480331,0.11361012114645919,0.1176685094833374
2259,2026-03-09,0.17503379445741474,0.17914924403114113,0.18313974142074585
2260,2026-03-10,0.10010417355026097,0.10429559010845757,0.10805767774581909
2261,2026-03-11,-0.04581144293287093,-0.041550367848235514,-0.03807336091995239
2262,2026-03-12,-0.1530183094406531,-0.14869329366944634,-0.14548027515411377
2263,2026-03-13,-0.16258679715402463,-0.15820510677628616,-0.15518873929977417
2264,2026-03-14,-0.1075515679368089,-0.10312306766104799,-0.10019159317016602
2265,2026-03-15,-0.07053623469073916,-0.06607200205673977,-0.06307882070541382
2266,2026-03-16,-0.10143355188463352,-0.0969435052880048,-0.09377270936965942
2267,2026-03-17,-0.17317796325519502,-0.16867045594701474,-0.16534042358398438
2268,2026-03-18,-0.21394684202914985,-0.20943151131253535,-0.20614224672317505
2269,2026-03-19,-0.18031665396581872,-0.17580836787221357,-0.1728498935699463
2270,2026-03-20,-0.09924940886401502,-0.0947693724953586,-0.0923261046409607
2271,2026-03-21,-0.0405440621156114,-0.03611612581173704,-0.03411072492599487
2272,2026-03-22,-0.049976375921835126,-0.045620794418419736,-0.04373687505722046
2273,2026-03-23,-0.10915212886877046,-0.10488156164919678,-0.10276597738265991
2274,2026-03-24,-0.15826605050485035,-0.1540869192080339,-0.15157979726791382
2275,2026-03-25,-0.15503434413532802,-0.15095212511526457,-0.14816445112228394
2276,2026-03-26,-0.1103777799926991,-0.10640151066705543,-0.10358935594558716
2277,2026-03-27,-0.06933422214574586,-0.06547645235675251,-0.06283456087112427
2278,2026-03-28,-0.06276467654593118,-0.05903737287560823,-0.056594014167785645
2279,2026-03-29,-0.08241933808080895,-0.07882986632119157,-0.0765184760093689
2280,2026-03-30,-0.1027123692680008,-0.09926337210559474,-0.09707748889923096
2281,2026-03-31,-0.11993342853928492,-0.11662666265910712,-0.11469364166259766
2282,2026-04-01,-0.1603126335886358,-0.15715327127424283,-0.15564608573913574
2283,2026-04-02,-0.24350076018086447,-0.2404985408817627,-0.23946607112884521
2284,2026-04-03,-0.3406377723261186,-0.3378045379208029,-0.33708277344703674
2285,2026-04-04,-0.37904134151934554,-0.3763876913190478,-0.3756813108921051
2286,2026-04-05,-0.30119323450097857,-0.29872730020422755,-0.2977967858314514
2287,2026-04-06,-0.12679077142556952,-0.12451952387129726,-0.12332314252853394
2288,2026-04-07,0.04555441477275596,0.04762350762995793,0.048935651779174805
2289,2026-04-08,0.10856496892740458,0.11042411551517839,0.11163389682769775
2290,2026-04-09,0.03130446318580854,0.032947396944983,0.033895671367645264
2291,2026-04-10,-0.11681030697609712,-0.11538697064373132,-0.11475479602813721
2292,2026-04-11,-0.2260682902108898,-0.22486584125851594,-0.2245272994041443
2293,2026-04-12,-0.23752506480200092,-0.23654483989688105,-0.23643076419830322
2294,2026-04-13,-0.18420210966531753,-0.18344655523582565,-0.1834436058998108
2295,2026-04-14,-0.14871154775415385,-0.1481828569877741,-0.14814233779907227
2296,2026-04-15,-0.18093640515953668,-0.1806341788645905,-0.18043839931488037
2297,2026-04-16,-0.2538032125274544,-0.25372409584481326,-0.25338947772979736
2298,2026-04-17,-0.2954832838928167,-0.29562386784051786,-0.29534822702407837
2299,2026-04-18,-0.2625489030941639,-0.2629097329188169,-0.262981116771698
2300,2026-04-19,-0.18195978339255986,-0.18254653553674297,-0.183147132396698
2301,2026-04-20,-0.12351446197600781,-0.1243343313783664,-0.12538456916809082
2302,2026-04-21,-0.13299013917940167,-0.13404568556753765,-0.13522672653198242
2303,2026-04-22,-0.191995851445812,-0.19328109426142523,-0.19423753023147583
2304,2026-04-23,-0.24073135510315935,-0.2422268835317663,-0.24280279874801636
2305,2026-04-24,-0.23691958471816227,-0.2386106553299301,-0.23891448974609375
2306,2026-04-25,-0.19148966882554008,-0.19336447612739502,-0.19364970922470093
2307,2026-04-26,-0.14948936713821454,-0.1515391125839325,-0.15199780464172363
2308,2026-04-27,-0.14179101745286074,-0.14400593529045091,-0.14466369152069092
2309,2026-04-28,-0.16015747104361538,-0.16252293537779863,-0.16331028938293457
2310,2026-04-29,-0.1790167501484064,-0.18151327943079035,-0.18242114782333374
2311,2026-04-30,-0.19467344655243857,-0.19728066883979511,-0.19843363761901855
2312,2026-05-01,-0.23337354784871356,-0.23607463102921566,-0.23764252662658691
2313,2026-05-02,-0.3147844929273952,-0.31756742450406633,-0.3195962905883789
2314,2026-05-03,-0.4100635537968663,-0.4129188030751891,-0.4152418375015259
2315,2026-05-04,-0.44654620266072564,-0.44946350051144085,-0.45178231596946716
2316,2026-05-05,-0.36673234495384854,-0.36969958050058155,-0.37177160382270813
2317,2026-05-06,-0.19033762148369682,-0.19334226672240057,-0.19512289762496948
2318,2026-05-07,-0.01599201172169487,-0.019022892680620018,-0.020659208297729492
2319,2026-05-08,0.04900891161012255,0.04596168064811962,0.04425454139709473
2320,2026-05-09,-0.026289215484159995,-0.02934245186575407,-0.03127652406692505
2321,2026-05-10,-0.1724871034714731,-0.17553427947251748,-0.1777471899986267
2322,2026-05-11,-0.27989063276996834,-0.2829188357198214,-0.2853850722312927
2323,2026-05-12,-0.2895716012036109,-0.2925692917819037,-0.29521679878234863
2324,2026-05-13,-0.23456686395442425,-0.23752500938667237,-0.2402377724647522
2325,2026-05-14,-0.19750295392433487,-0.2004137259325988,-0.2030404806137085
2326,2026-05-15,-0.22827622672899067,-0.2311307137321647,-0.23355084657669067
2327,2026-05-16,-0.29982535780686015,-0.3026132430065796,-0.30484092235565186
2328,2026-05-17,-0.3403325275195142,-0.34304502157502137,-0.3452755808830261
2329,2026-05-18,-0.30637952508950295,-0.30901339514832854,-0.3115324378013611
2330,2026-05-19,-0.22493413760153605,-0.22749289436228276,-0.23048055171966553
2331,2026-05-20,-0.1658014862314694,-0.16829177069783813,-0.17166650295257568
2332,2026-05-21,-0.1747638199421065,-0.17718923854629542,-0.18063026666641235
2333,2026-05-22,-0.23343365594599505,-0.235790853774495,-0.23894083499908447
2334,2026-05-23,-0.2820126442100337,-0.28429273174297537,-0.28698796033859253
2335,2026-05-24,-0.27822401983160117,-0.2804179308638756,-0.2827654480934143
2336,2026-05-25,-0.23299562605801452,-0.2350986850377091,-0.23735052347183228
2337,2026-05-26,-0.1913723719256685,-0.19338430156016218,-0.19573158025741577
2338,2026-05-27,-0.1842222124876129,-0.18614308921797124,-0.18861067295074463
2339,2026-05-28,-0.20330213008778952,-0.20512841232438284,-0.20764607191085815
2340,2026-05-29,-0.22303284983972144,-0.2247572957466457,-0.22731542587280273
2341,2026-05-30,-0.2397103077868521,-0.24132584658660947,-0.2440488338470459
2342,2026-05-31,-0.27957055769295963,-0.2810746193734112,-0.2841324210166931
2343,2026-06-01,-0.3622699173032376,-0.36366560604477116,-0.36710408329963684
2344,2026-06-02,-0.4589534503956697,-0.4602470953349668,-0.46389997005462646
2345,2026-06-03,-0.4969434426751877,-0.4981412619817882,-0.5017107725143433
2346,2026-06-04,-0.418725751288049,-0.41983262973775026,-0.4230770766735077
2347,2026-06-05,-0.24400123012081257,-0.24502202203095808,-0.24789774417877197
2348,2026-06-06,-0.07138446188365025,-0.07232563889418456,-0.07498103380203247
2349,2026-06-07,-0.008155146049478201,-0.00902460715737008,-0.011676311492919922
2350,2026-06-08,-0.08525143367827137,-0.08605663401011332,-0.08886229991912842
2351,2026-06-09,-0.2332576217270188,-0.2340041870514283,-0.23701763153076172
2352,2026-06-10,-0.3424631168052492,-0.34315559659040495,-0.34635332226753235
2353,2026-06-11,-0.35392332290934836,-0.3545672919675821,-0.357879638671875
2354,2026-06-12,-0.3006589205064075,-0.3012619971688806,-0.30457520484924316
2355,2026-06-13,-0.265280623742521,-0.26585105715886126,-0.26901644468307495
2356,2026-06-14,-0.2976694588722384,-0.29821373571100257,-0.3011136054992676
2357,2026-06-15,-0.3707493903118153,-0.371271813239494,-0.37392303347587585
2358,2026-06-16,-0.4126886291412468,-0.4131941564802073,-0.4157951772212982
2359,2026-06-17,-0.380055853892987,-0.3805540428720735,-0.38339364528656006
2360,2026-06-18,-0.29980670891901984,-0.3003128247855861,-0.3035743832588196
2361,2026-06-19,-0.24173524160558932,-0.24226657479128275,-0.24587172269821167
2362,2026-06-20,-0.2516137878705014,-0.2521834283593707,-0.2558150291442871
2363,2026-06-21,-0.31104619449670173,-0.3116590535326265,-0.31496328115463257
2364,2026-06-22,-0.3602267549267317,-0.36088094980601626,-0.36369743943214417
2365,2026-06-23,-0.35687272177890605,-0.35756490165926264,-0.36000439524650574
2366,2026-06-24,-0.31190737837389904,-0.3126372695246079,-0.314955472946167
2367,2026-06-25,-0.2703725328718467,-0.27114293432978886,-0.2735345959663391
2368,2026-06-26,-0.26313452270118515,-0.2639472599718911,-0.26644062995910645
2369,2026-06-27,-0.28195020755109756,-0.28280216921023577,-0.2853306531906128
2370,2026-06-28,-0.30124168400764695,-0.30212475787733606,-0.30468225479125977
2371,2026-06-29,-0.3173077403250128,-0.3182127130084562,-0.3209269642829895
2372,2026-06-30,-0.35638873740233934,-0.3573096617974375,-0.3603540360927582
2373,2026-07-01,-0.4381467170343363,-0.43908213281160513,-0.44250592589378357
2374,2026-07-02,-0.5337338340644722,-0.534684374324244,-0.5383243560791016
2375,2026-07-03,-0.5704807709240716,-0.5714458905420003,-0.5750070810317993
2376,2026-07-04,-0.49088301483504293,-0.49185984015055667,-0.49510374665260315
2377,2026-07-05,-0.3146522004444081,-0.31563691156977347,-0.31852245330810547
2378,2026-07-06,-0.14041474957414468,-0.14140431416656896,-0.14408236742019653
2379,2026-07-07,-0.07546315791655225,-0.07645523313110456,-0.07914495468139648
2380,2026-07-08,-0.15074922054212392,-0.15174037891622125,-0.15460151433944702
2381,2026-07-09,-0.29687160971948834,-0.29785605521903197,-0.30094438791275024
2382,2026-07-10,-0.40413471596526296,-0.40510514219347393,-0.4083990454673767
2383,2026-07-11,-0.41360940787072026,-0.41455920765151566,-0.41799071431159973
2384,2026-07-12,-0.3583321791241183,-0.359256572552892,-0.3627130687236786
2385,2026-07-13,-0.32092977059409045,-0.3218245032873627,-0.32515841722488403
2386,2026-07-14,-0.35129931168484974,-0.35215837263409555,-0.3552530109882355
2387,2026-07-15,-0.422380808492104,-0.4231961190291879,-0.42606908082962036
2388,2026-07-16,-0.4623583147283206,-0.4631226771382619,-0.4659726321697235
2389,2026-07-17,-0.4278160163879642,-0.42852716373176325,-0.43164321780204773
2390,2026-07-18,-0.3457245965733361,-0.3463864051573605,-0.34995192289352417
2391,2026-07-19,-0.28589254285596793,-0.2865114487342468,-0.29044777154922485
2392,2026-07-20,-0.2941059076894509,-0.2946847755729232,-0.2986740469932556
2393,2026-07-21,-0.35198141147130707,-0.352515645444577,-0.35620346665382385
2394,2026-07-22,-0.39972526586773255,-0.40020427696604655,-0.40342947840690613
2395,2026-07-23,-0.3950655816154447,-0.3954781895487294,-0.3983500301837921
2396,2026-07-24,-0.3489353439688412,-0.3492743908267927,-0.3520473539829254
2397,2026-07-25,-0.3063848202009322,-0.30664722657168675,-0.30951446294784546
2398,2026-07-26,-0.29828748758971696,-0.29847025826074247,-0.3014582395553589
2399,2026-07-27,-0.3164059608107029,-0.316502264503536,-0.31954246759414673
2400,2026-07-28,-0.33516665239536114,-0.3351706110478322,-0.3382501006126404
2401,2026-07-29,-0.35087118522381877,-0.3507721596425018,-0.35401642322540283
2402,2026-07-30,-0.38976124351061747,-0.3895530348711038,-0.39313292503356934
2403,2026-07-31,-0.47149866364031323,-0.47118073900924873,-0.47514310479164124
2404,2026-08-01,-0.5672338616661253,-0.5668089558965648,-0.5709879398345947
2405,2026-08-02,-0.6042942560376978,-0.6037650855858682,-0.607863187789917
2406,2026-08-03,-0.5251705658231957,-0.5245386542570596,-0.5283141732215881
2407,2026-08-04,-0.3495681870599896,-0.34883521372852244,-0.35224443674087524
2408,2026-08-05,-0.17610587869606756,-0.17527536966729462,-0.17846637964248657
2409,2026-08-06,-0.11206710762746336,-0.11114428595138348,-0.11433303356170654
2410,2026-08-07,-0.18839334425767018,-0.18738329571275328,-0.19072681665420532
2411,2026-08-08,-0.33567172156801117,-0.3345780425965359,-0.33812910318374634
2412,2026-08-09,-0.44419396799065425,-0.4430195483622247,-0.44675353169441223
2413,2026-08-10,-0.4550172689273425,-0.45376641894046454,-0.4576123058795929
2414,2026-08-11,-0.40116352454921633,-0.3998430145162296,-0.4036855101585388
2415,2026-08-12,-0.3652440908694121,-0.3638617553191301,-0.3675505220890045
2416,2026-08-13,-0.39714004737429565,-0.39570240412497926,-0.3991178870201111
2417,2026-08-14,-0.46977481773621754,-0.4682866541323468,-0.4714437425136566
2418,2026-08-15,-0.5113154785263784,-0.5097826941946134,-0.5128777027130127
2419,2026-08-16,-0.47832898579778527,-0.47676253433070115,-0.4800820052623749
2420,2026-08-17,-0.3977686848167985,-0.39618567668741955,-0.399910569190979
2421,2026-08-18,-0.33942576415389225,-0.3378457731273786,-0.34189531207084656
2422,2026-08-19,-0.34906916345094996,-0.3475079857545821,-0.35156241059303284
2423,2026-08-20,-0.4082988232692372,-0.4067644798082858,-0.410467267036438
2424,2026-08-21,-0.45730465342437665,-0.4557987509769229,-0.45898717641830444
2425,2026-08-22,-0.4537990828231263,-0.4523221123673981,-0.4551038444042206
2426,2026-08-23,-0.4087001727962659,-0.4072560236510872,-0.40988409519195557
2427,2026-08-24,-0.3670441571778007,-0.3656400782079696,-0.36830633878707886
2428,2026-08-25,-0.35969149645107235,-0.3583340122927988,-0.3610638678073883
2429,2026-08-26,-0.37839292379781286,-0.3770838313023397,-0.37980788946151733
2430,2026-08-27,-0.3975642157034316,-0.39630047763939175,-0.3990097641944885
2431,2026-08-28,-0.413497705116886,-0.4122753053020155,-0.4150949716567993
2432,2026-08-29,-0.45242722274247416,-0.4512454876299821,-0.4543458819389343
2433,2026-08-30,-0.5340082670005459,-0.532871039124505,-0.5362986326217651
2434,2026-08-31,-0.6293864987491329,-0.6282996956739,-0.6318886280059814
2435,2026-09-01,-0.6658862186853434,-0.6648545134054639,-0.6683075428009033
2436,2026-09-02,-0.5859967071520886,-0.5850223300387689,-0.5880979895591736
2437,2026-09-03,-0.40942362853921077,-0.408507702552645,-0.41116249561309814
2438,2026-09-04,-0.23478773139715836,-0.2339319598455312,-0.2363145351409912
2439,2026-09-05,-0.1693761935419757,-0.16858271753629958,-0.1709098219871521
2440,2026-09-06,-0.24413590344624667,-0.24340548522269195,-0.24583470821380615
2441,2026-09-07,-0.38966109090217566,-0.3889917896488839,-0.3915768265724182
2442,2026-09-08,-0.4962522173391923,-0.4956402099180014,-0.49835747480392456
2443,2026-09-09,-0.504976780858572,-0.5044185370023682,-0.5071979761123657
2444,2026-09-10,-0.44886850394211886,-0.4483618833654325,-0.4510892629623413
2445,2026-09-11,-0.4105519912571583,-0.41009491472967413,-0.41262108087539673
2446,2026-09-12,-0.4399229013876641,-0.43951104546449293,-0.4417177438735962
2447,2026-09-13,-0.5099204596545979,-0.5095469268269575,-0.5114501714706421
2448,2026-09-14,-0.5487286476870556,-0.5483869007112371,-0.5501842498779297
2449,2026-09-15,-0.5129323004512473,-0.512620202603964,-0.5145995616912842
2450,2026-09-16,-0.4295034769374,-0.42922449978124533,-0.43156805634498596
2451,2026-09-17,-0.36825276672609797,-0.3680124068789849,-0.37064072489738464
2452,2026-09-18,-0.3749690428270318,-0.3747686961761806,-0.37736305594444275
2453,2026-09-19,-0.4312725503431756,-0.43110563312902583,-0.43331098556518555
2454,2026-09-20,-0.47737370857562156,-0.4772271403807532,-0.4788879454135895
2455,2026-09-21,-0.47100549083366894,-0.47086511670356324,-0.47210797667503357
2456,2026-09-22,-0.42310636524485634,-0.42296159467200717,-0.42404040694236755
2457,2026-09-23,-0.37873266114020043,-0.3785765541994529,-0.3796842694282532
2458,2026-09-24,-0.3687644496798931,-0.36858975729824506,-0.369752436876297
2459,2026-09-25,-0.3849714179202096,-0.3847667005066996,-0.3859156668186188
2460,2026-09-26,-0.4017874703270032,-0.40153711083767146,-0.4026641249656677
2461,2026-09-27,-0.41552207708749955,-0.4152102517443834,-0.41644087433815
2462,2026-09-28,-0.4524250561247743,-0.4520401668839379,-0.45354512333869934
2463,2026-09-29,-0.5321665906522619,-0.5317025439236368,-0.5335285663604736
2464,2026-09-30,-0.6259055796167374,-0.6253594440141539,-0.6273410320281982
2465,2026-10-01,-0.6609779801618564,-0.6603467584057763,-0.6621863842010498
2466,2026-10-02,-0.5798830229779182,-0.5791625372710771,-0.580618679523468
2467,2026-10-03,-0.40233450381981223,-0.40152080569423065,-0.40254977345466614
2468,2026-10-04,-0.2269593833021809,-0.2260505065577788,-0.22680062055587769
2469,2026-10-05,-0.1610490451770575,-0.16004491846630883,-0.16073238849639893
2470,2026-10-06,-0.23555250520997625,-0.2344531799159611,-0.2352350950241089
2471,2026-10-07,-0.3810639843648792,-0.3798683439606094,-0.3807975649833679
2472,2026-10-08,-0.4878817573052855,-0.4865883602141319,-0.48764052987098694
2473,2026-10-09,-0.4970689317741934,-0.49567819702383675,-0.49678242206573486
2474,2026-10-10,-0.44165262720787996,-0.44016793011147526,-0.44120895862579346
2475,2026-10-11,-0.4042486402791131,-0.4026749700765097,-0.4035024642944336
2476,2026-10-12,-0.43474164134239124,-0.4330832704662938,-0.4335778057575226
2477,2026-10-13,-0.5060577289787171,-0.504317845769666,-0.504494309425354
2478,2026-10-14,-0.5463656781909412,-0.5445492719680658,-0.5446038246154785
2479,2026-10-15,-0.5122331127418132,-0.5103509532153002,-0.510570228099823
2480,2026-10-16,-0.4306129674713957,-0.4286827404054172,-0.42924749851226807
2481,2026-10-17,-0.37129490234533113,-0.36933754337600044,-0.3701668977737427
2482,2026-10-18,-0.3800451780328638,-0.3780786535753504,-0.37885257601737976
2483,2026-10-19,-0.43845988184577944,-0.43649520708971357,-0.4368571639060974
2484,2026-10-20,-0.4867238808334242,-0.4847664905114796,-0.48455309867858887
2485,2026-10-21,-0.48254336535742626,-0.4805984152358027,-0.4799172580242157
2486,2026-10-22,-0.43682896540609556,-0.4349058430174509,-0.4340095520019531
2487,2026-10-23,-0.39460830308983197,-0.39272057884735356,-0.39180076122283936
2488,2026-10-24,-0.38673206876054933,-0.38489339534322786,-0.38397493958473206
2489,2026-10-25,-0.40494009865908076,-0.40316018385044783,-0.40217331051826477
2490,2026-10-26,-0.42363618672351677,-0.42192065677830853,-0.42085614800453186
2491,2026-10-27,-0.4390996484749322,-0.43745386626852145,-0.4364362061023712
2492,2026-10-28,-0.4775503224080122,-0.4759836655280726,-0.4751828610897064
2493,2026-10-29,-0.5586288091944399,-0.5571557935632515,-0.5566178560256958
2494,2026-10-30,-0.6534650444948831,-0.652102827400068,-0.6516616344451904
2495,2026-10-31,-0.6893668629373715,-0.6881318616982683,-0.6874896287918091
2496,2026-11-01,-0.6088064325480882,-0.6077130592406267,-0.6066279411315918
2497,2026-11-02,-0.4314717613302028,-0.430533685660985,-0.4289618134498596
2498,2026-11-03,-0.2559655065490106,-0.2551972665728506,-0.253287136554718
2499,2026-11-04,-0.18955643537016537,-0.18897321365349684,-0.18694114685058594
2500,2026-11-05,-0.26317282749150317,-0.26278854938334406,-0.2607921361923218
2501,2026-11-06,-0.4073902319970193,-0.4072161531682197,-0.4053088128566742
2502,2026-11-07,-0.5124904880651879,-0.5125359242606272,-0.510694146156311
2503,2026-11-08,-0.5195226637614264,-0.519797072926538,-0.5179508328437805
2504,2026-11-09,-0.46150238001860755,-0.4620163648416764,-0.46005165576934814
2505,2026-11-10,-0.42103660634911905,-0.42180048989138386,-0.41956835985183716
2506,2026-11-11,-0.44800397118854046,-0.4490253959330285,-0.44640782475471497
2507,2026-11-12,-0.515327413121662,-0.5166109158516671,-0.5136246085166931
2508,2026-11-13,-0.5511755076879349,-0.5527253596059468,-0.5495684146881104
2509,2026-11-14,-0.5121186995371918,-0.5139428540266845,-0.5109038352966309
2510,2026-11-15,-0.42511580516487335,-0.4272270154293907,-0.42448896169662476
2511,2026-11-16,-0.35996544751688486,-0.3623775962332428,-0.3598620891571045
2512,2026-11-17,-0.3624459319127835,-0.36516782196921416,-0.36255744099617004
2513,2026-11-18,-0.41416845192786256,-0.4171998482857802,-0.4141407310962677
2514,2026-11-19,-0.4553360019618678,-0.45866904026804756,-0.4550006687641144
2515,2026-11-20,-0.4436758598997815,-0.4473003996418445,-0.4431333541870117
2516,2026-11-21,-0.39012262234433176,-0.3940308228169266,-0.38962095975875854
2517,2026-11-22,-0.3397306562173692,-0.34391700608911013,-0.33945900201797485
2518,2026-11-23,-0.323380054677873,-0.3278373626067306,-0.32335948944091797
2519,2026-11-24,-0.3328425758870417,-0.3375580468328001,-0.3329939842224121
2520,2026-11-25,-0.3425562980220909,-0.3475115117097615,-0.3428555727005005
2521,2026-11-26,-0.34883700934536443,-0.3540118644297873,-0.34939202666282654
2522,2026-11-27,-0.3779430197718616,-0.3833201480795705,-0.37891003489494324
2523,2026-11-28,-0.4495551953693575,-0.4551212309493925,-0.45097050070762634
2524,2026-11-29,-0.5348453128231301,-0.5405885487595625,-0.5365347862243652
2525,2026-11-30,-0.5611643927619561,-0.5670715609892302,-0.562820553779602
2526,2026-12-01,-0.47102889265784387,-0.47708406616003457,-0.47239774465560913
2527,2026-12-02,-0.28417196249923815,-0.29035799089548137,-0.2851962447166443
2528,2026-12-03,-0.09924199538319547,-0.10554229246397534,-0.10005712509155273
2529,2026-12-04,-0.023553823309620747,-0.029952322964742706,-0.02436363697052002
2530,2026-12-05,-0.08808185051060316,-0.09456128652460813,-0.0890302062034607
2531,2026-12-06,-0.22344753827334818,-0.22998821394724367,-0.22457176446914673
2532,2026-12-07,-0.31997815264366236,-0.3265588519774888,-0.321236789226532
2533,2026-12-08,-0.3187674310138788,-0.32536768040298586,-0.32007330656051636
2534,2026-12-09,-0.2528746364680279,-0.25947588375483144,-0.25409841537475586
2535,2026-12-10,-0.20494908819885985,-0.21153345057007006,-0.2059270143508911
2536,2026-12-11,-0.22491021263298006,-0.23145824253745073,-0.225507915019989
2537,2026-12-12,-0.28571994322891286,-0.29221036360584074,-0.28593558073043823
2538,2026-12-13,-0.3155838053084055,-0.32199650245697015,-0.31559813022613525
2539,2026-12-14,-0.2711069172956424,-0.2774270327592053,-0.27119624614715576
2540,2026-12-15,-0.17928027514167325,-0.18549945786907557,-0.17962175607681274
2541,2026-12-16,-0.10993198267666002,-0.11604484268886164,-0.1104440689086914
2542,2026-12-17,-0.10886693871351871,-0.11486495050940376,-0.10922592878341675
2543,2026-12-18,-0.15771987082161362,-0.16358751580062683,-0.15755820274353027
2544,2026-12-19,-0.19671409366057285,-0.20243035651048194,-0.1958521604537964
2545,2026-12-20,-0.1835938563346921,-0.18913765258558624,-0.18212276697158813
2546,2026-12-21,-0.129307262172522,-0.13466207468425617,-0.12746793031692505
2547,2026-12-22,-0.07891862553478515,-0.08407258030237799,-0.07689517736434937
2548,2026-12-23,-0.06331435425662202,-0.06825624267374286,-0.061125099658966064
2549,2026-12-24,-0.07426883678674759,-0.07898420880890564,-0.07183396816253662
2550,2026-12-25,-0.08621906779783539,-0.09069021235308544,-0.08351600170135498
2551,2026-12-26,-0.09547603132384369,-0.09968590751856479,-0.09261661767959595
2552,2026-12-27,-0.1282895279401399,-0.13222615153570158,-0.12543582916259766
2553,2026-12-28,-0.20432824737037705,-0.20798591746396056,-0.20152485370635986
2554,2026-12-29,-0.29474818333956576,-0.2981250825046822,-0.29183095693588257
2555,2026-12-30,-0.3268810492109136,-0.32997595273963476,-0.3235548138618469
2556,2026-12-31,-0.243220574619677,-0.2460316687452167,-0.23924553394317627
2557,2027-01-01,-0.06347388566094214,-0.06600010635193793,-0.058808743953704834
2558,2027-01-02,0.11373980000546424,0.11149708843611916,0.1189417839050293
2559,2027-01-03,0.18113781375982746,0.17917498302936435,0.18665331602096558
2560,2027-01-04,0.10778072104723074,0.1060937299452453,0.11344504356384277
2561,2027-01-05,-0.03691536198606893,-0.03832959675818681,-0.031161963939666748
2562,2027-01-06,-0.14323773035599288,-0.1443820962611008,-0.1373773217201233
2563,2027-01-07,-0.15223798524130217,-0.15311727888722876,-0.14620816707611084
2564,2027-01-08,-0.09693132952986777,-0.09755327248496976,-0.09062844514846802
2565,2027-01-09,-0.0599213506725626,-0.06029516873836305,-0.053207993507385254
2566,2027-01-10,-0.09108033387235487,-0.09121435015652968,-0.08384919166564941
2567,2027-01-11,-0.16332193187727792,-0.16322312615180032,-0.1555987000465393
2568,2027-01-12,-0.20480252601935192,-0.20447934991010164,-0.19679588079452515
2569,2027-01-13,-0.17207750809051575,-0.17154379869612701,-0.1640915870666504
2570,2027-01-14,-0.0920878480502294,-0.09136390247943538,-0.08432769775390625
2571,2027-01-15,-0.034611608482483236,-0.033720461758211306,-0.0270233154296875
2572,2027-01-16,-0.04540391482133993,-0.04436507058919359,-0.03769099712371826
2573,2027-01-17,-0.10605026945754398,-0.10487567395623693,-0.09787195920944214
2574,2027-01-18,-0.15672558583685894,-0.15542096122607646,-0.1479281783103943
2575,2027-01-19,-0.15512680526200942,-0.15369692061503645,-0.14582675695419312
2576,2027-01-20,-0.11215607810578612,-0.1106092368919768,-0.10261833667755127
2577,2027-01-21,-0.07283337239819815,-0.07118134784114244,-0.06326508522033691
2578,2027-01-22,-0.06800259681301851,-0.06625652320296987,-0.05844378471374512
2579,2027-01-23,-0.08939771563184026,-0.08756406090199792,-0.07978922128677368
2580,2027-01-24,-0.11141758804541357,-0.10949802475248036,-0.10175555944442749
2581,2027-01-25,-0.13033754955068697,-0.1283327885173865,-0.12075108289718628
2582,2027-01-26,-0.17237442075375442,-0.17028851247317411,-0.16304141283035278
2583,2027-01-27,-0.2571667438782271,-0.2550082331459102,-0.2481456995010376
2584,2027-01-28,-0.35584334284275937,-0.3536228103100287,-0.3469821810722351
2585,2027-01-29,-0.39571186460147245,-0.39343859123202946,-0.3867258131504059
2586,2027-01-30,-0.319245181269537,-0.31692593581812406,-0.3099028468132019
2587,2027-01-31,-0.14613285501850964,-0.14377321626087894,-0.136399507522583
2588,2027-02-01,0.02502010330896204,0.027414070316192973,0.03498649597167969
2589,2027-02-02,0.0869418327728565,0.08936372926755592,0.09691518545150757
2590,2027-02-03,0.008700286948076674,0.011145205727075114,0.01851475238800049
2591,2027-02-04,-0.14028444825685774,-0.13781859148465048,-0.13068753480911255
2592,2027-02-05,-0.25029909383589616,-0.24781237535157535,-0.2408992052078247
2593,2027-02-06,-0.2623980289107157,-0.25989068766740286,-0.2531285285949707
2594,2027-02-07,-0.20960252180004432,-0.20707605325769415,-0.200353741645813
2595,2027-02-08,-0.17452542826747247,-0.17198125335784265,-0.1651524305343628
2596,2027-02-09,-0.20705140068586458,-0.20448855952213094,-0.19743800163269043
2597,2027-02-10,-0.2801094352211759,-0.2775242572306062,-0.2702710032463074
2598,2027-02-11,-0.3218740926345933,-0.3192631317821254,-0.3120077848434448
2599,2027-02-12,-0.288921623365218,-0.286285700121839,-0.2793188691139221
2600,2027-02-13,-0.20821636305849586,-0.20556177460123165,-0.19906872510910034
2601,2027-02-14,-0.14956206072982786,-0.14689700076830237,-0.1408013105392456
2602,2027-02-15,-0.15874164994644524,-0.1560700865167397,-0.15005606412887573
2603,2027-02-16,-0.21737035257268383,-0.21468815312436196,-0.20840346813201904
2604,2027-02-17,-0.2656544926869969,-0.2629509113997752,-0.2562367916107178
2605,2027-02-18,-0.26132388495627823,-0.2585869894167323,-0.2515553832054138
2606,2027-02-19,-0.21531478076930102,-0.21253609564577602,-0.20544403791427612
2607,2027-02-20,-0.1726822367344961,-0.16985683464852688,-0.16290009021759033
2608,2027-02-21,-0.16430599423247555,-0.1614285407251108,-0.15463650226593018
2609,2027-02-22,-0.18195634926958976,-0.17901722600909295,-0.17232447862625122
2610,2027-02-23,-0.2000687466681411,-0.1970540689007283,-0.19045531749725342
2611,2027-02-24,-0.21495511800572054,-0.21185070940224204,-0.20547479391098022
2612,2027-02-25,-0.2528686502528178,-0.24966447918745766,-0.24368542432785034
2613,2027-02-26,-0.33348378700717,-0.3301752487199519,-0.32464325428009033
2614,2027-02-27,-0.42796455973640796,-0.42455013711536216,-0.41930267214775085
2615,2027-02-28,-0.46365290822550587,-0.46013094629682133,-0.4548741281032562
2616,2027-03-01,-0.38305487117356996,-0.3794224645948687,-0.37391817569732666
2617,2027-03-02,-0.20589185028186194,-0.20214625482082682,-0.19635426998138428
2618,2027-03-03,-0.03079918004375931,-0.0269395666551398,-0.021011710166931152
2619,2027-03-04,0.03492264650034965,0.038895278443078884,0.0447392463684082
2620,2027-03-05,-0.0396851961841988,-0.03560060152395961,-0.030001282691955566
2621,2027-03-06,-0.1852274020488656,-0.18103066603509416,-0.17573243379592896
2622,2027-03-07,-0.29201334247344474,-0.2877038941292125,-0.2826860547065735
2623,2027-03-08,-0.30111780402256394,-0.29669686455711525,-0.2918921709060669
2624,2027-03-09,-0.24558012340933338,-0.24105180041751517,-0.23634880781173706
2625,2027-03-10,-0.20802880746708124,-0.20339875078381608,-0.19865083694458008
2626,2027-03-11,-0.23836168221396392,-0.23363475114524518,-0.22872626781463623
2627,2027-03-12,-0.30951839832645256,-0.30469829214263777,-0.2996479868888855
2628,2027-03-13,-0.34968162869454794,-0.34477376936007204,-0.33978158235549927
2629,2027-03-14,-0.31543318867257825,-0.3104486978690566,-0.3058047890663147
2630,2027-03-15,-0.2337404450005026,-0.22869727742661763,-0.22458648681640625
2631,2027-03-16,-0.1744076752800605,-0.16932695020960178,-0.16567212343215942
2632,2027-03-17,-0.18321588794531932,-0.17811566805629273,-0.1746004819869995
2633,2027-03-18,-0.2417759917127971,-0.23666729926578306,-0.23293888568878174
2634,2027-03-19,-0.29028769144763633,-0.28517587757742835,-0.281074583530426
2635,2027-03-20,-0.28647197394178026,-0.28136201908879666,-0.27699923515319824
2636,2027-03-21,-0.2412541660148867,-0.23615519009273075,-0.23178702592849731
2637,2027-03-22,-0.1996764285600743,-0.1946016420706155,-0.1904231309890747
2638,2027-03-23,-0.1926037741389693,-0.18756637819400057,-0.18360596895217896
2639,2027-03-24,-0.2117900862242838,-0.20679924672009609,-0.20299065113067627
2640,2027-03-25,-0.23165287289297637,-0.22671358597104665,-0.22305071353912354
2641,2027-03-26,-0.24848477308652367,-0.24360168618729464,-0.24021226167678833
2642,2027-03-27,-0.2885185010510813,-0.2837001947657879,-0.2807573676109314
2643,2027-03-28,-0.3714070294687243,-0.36666714581501847,-0.3642200231552124
2644,2027-03-29,-0.46829210726782566,-0.4636468582964326,-0.4615318775177002
2645,2027-03-30,-0.5064927698838438,-0.5019575628638326,-0.4998796880245209
2646,2027-03-31,-0.4284917214497736,-0.424079901066536,-0.42179998755455017
2647,2027-04-01,-0.25398679082999864,-0.24971091048818517,-0.2471875548362732
2648,2027-04-02,-0.08158969225214491,-0.07746313416955336,-0.07484686374664307
2649,2027-04-03,-0.018577439400628004,-0.014614201076895927,-0.012123525142669678
2650,2027-04-04,-0.09588570380759326,-0.09209850750083459,-0.0898929238319397
2651,2027-04-05,-0.2440965299865577,-0.24049542231987553,-0.23863005638122559
2652,2027-04-06,-0.35349731713004356,-0.35009041172346506,-0.3485431671142578
2653,2027-04-07,-0.3651417218045614,-0.36193729503507616,-0.3606396019458771
2654,2027-04-08,-0.3120489489393289,-0.309056456801817,-0.3078952431678772
2655,2027-04-09,-0.2768285178316456,-0.27405718649479754,-0.2728842496871948
2656,2027-04-10,-0.30936054625726084,-0.30681698655890977,-0.3055151700973511
2657,2027-04-11,-0.3825683790969715,-0.3802561772945969,-0.3788425326347351
2658,2027-04-12,-0.4246198963426746,-0.4225424704272545,-0.4212152659893036
2659,2027-04-13,-0.39208373040090877,-0.3902482942669479,-0.38929593563079834
2660,2027-04-14,-0.31191575806377797,-0.3103344556540775,-0.3099399209022522
2661,2027-04-15,-0.2539105285551607,-0.252596779996017,-0.2526809573173523
2662,2027-04-16,-0.2638411372175692,-0.2628034458896511,-0.2630481719970703
2663,2027-04-17,-0.32331243357634715,-0.3225504440308506,-0.322600781917572
2664,2027-04-18,-0.37251994057596854,-0.3720258627913613,-0.3717201352119446
2665,2027-04-19,-0.3691823484699744,-0.36894632610930683,-0.36839354038238525
2666,2027-04-20,-0.32422456587565124,-0.3242392666785975,-0.3236933946609497
2667,2027-04-21,-0.2826901918176826,-0.2829508507849619,-0.2826046943664551
2668,2027-04-22,-0.2754474967160211,-0.2759479194032306,-0.27582764625549316
2669,2027-04-23,-0.2942553908223701,-0.2949840412645549,-0.2950206995010376
2670,2027-04-24,-0.31353811347553084,-0.3144781030727004,-0.3146631717681885
2671,2027-04-25,-0.3295966619195906,-0.33072970271553065,-0.3311883807182312
2672,2027-04-26,-0.36867364604346975,-0.36998447266199824,-0.37088724970817566
2673,2027-04-27,-0.4504333703755279,-0.45191101524145444,-0.45330432057380676
2674,2027-04-28,-0.5460302402308053,-0.5476656949324137,-0.549383282661438
2675,2027-04-29,-0.5827971507642792,-0.5845801487113761,-0.586324155330658
2676,2027-04-30,-0.5032317394630975,-0.5051496591457874,-0.5066781044006348
2677,2027-05-01,-0.3270477050904327,-0.3290870048749848,-0.33035558462142944
2678,2027-05-02,-0.15287342499859155,-0.15502142797155935,-0.156177818775177
2679,2027-05-03,-0.08800322087130724,-0.09024806613192948,-0.09150785207748413
2680,2027-05-04,-0.16339056494884735,-0.1657194807971763,-0.16723906993865967
2681,2027-05-05,-0.3096356404393742,-0.3120337054045622,-0.3138653039932251
2682,2027-05-06,-0.4170441671880728,-0.41949521063113704,-0.4216137230396271
2683,2027-05-07,-0.4266881482987912,-0.4291769995564261,-0.431510865688324
2684,2027-05-08,-0.37160500625666926,-0.3741186591958822,-0.37655189633369446
2685,2027-05-09,-0.3344221965015056,-0.33694854101831906,-0.3393299877643585
2686,2027-05-10,-0.36503734275278704,-0.3675629124473459,-0.36977243423461914
2687,2027-05-11,-0.43639072165582327,-0.43890040904495164,-0.44095221161842346
2688,2027-05-12,-0.47666643274442116,-0.4791464604289372,-0.48123595118522644
2689,2027-05-13,-0.44244848469004666,-0.44489047394927184,-0.44730329513549805
2690,2027-05-14,-0.3607071642339105,-0.36310936242230796,-0.36602577567100525
2691,2027-05-15,-0.3012503501242794,-0.3036140582243021,-0.3069522976875305
2692,2027-05-16,-0.30986328249704065,-0.31218673119889806,-0.3156260848045349
2693,2027-05-17,-0.36816167720313925,-0.3704361409377698,-0.3736191987991333
2694,2027-05-18,-0.41635056257158043,-0.41856182660370156,-0.42132458090782166
2695,2027-05-19,-0.41215670267904947,-0.41429046062927005,-0.4167397618293762
2696,2027-05-20,-0.3665115901312814,-0.36855804987069996,-0.3709457516670227
2697,2027-05-21,-0.3244638725803598,-0.3264178010651135,-0.3289347290992737
2698,2027-05-22,-0.31688530121603375,-0.3187420155910621,-0.3214125633239746
2699,2027-05-23,-0.3355366799294578,-0.33728810953628385,-0.34004172682762146
2700,2027-05-24,-0.3548425485888091,-0.3564771844221926,-0.35930389165878296
2701,2027-05-25,-0.3711026191518947,-0.37260941451104784,-0.375633180141449
2702,2027-05-26,-0.41055665083115095,-0.41192937784051686,-0.41531941294670105
2703,2027-05-27,-0.49286456541051216,-0.4941030125410959,-0.497904896736145
2704,2027-05-28,-0.5891748992749122,-0.590282443317336,-0.5943292379379272
2705,2027-05-29,-0.6268132504554079,-0.6277935387780614,-0.6317869424819946
2706,2027-05-30,-0.5482686006974657,-0.5491243438549632,-0.5528218746185303
2707,2027-05-31,-0.37324471493440736,-0.3739790013968644,-0.37733638286590576
2708,2027-06-01,-0.20035884937407425,-0.20097680179176167,-0.2041417956352234
2709,2027-06-02,-0.13689311747016958,-0.13740170783755867,-0.14059031009674072
2710,2027-06-03,-0.21378780496273567,-0.21419398514867397,-0.21756303310394287
2711,2027-06-04,-0.3616290467736162,-0.361938361427483,-0.36554086208343506
2712,2027-06-05,-0.4707077758253013,-0.4709251104980397,-0.4747369885444641
2713,2027-06-06,-0.48208059846113493,-0.48221227304249953,-0.4861631393432617
2714,2027-06-07,-0.4287690639163097,-0.42882383941522306,-0.4327990710735321
2715,2027-06-08,-0.39338441469545193,-0.3933720660666927,-0.3972221612930298
2716,2027-06-09,-0.4258078610079495,-0.4257367664326286,-0.42934346199035645
2717,2027-06-10,-0.49896320569128055,-0.49883990484244817,-0.5022193193435669
2718,2027-06-11,-0.5410181544498127,-0.5408501653183406,-0.5441998839378357
2719,2027-06-12,-0.508540541242236,-0.5083402781310373,-0.5119483470916748
2720,2027-06-13,-0.4284848340521754,-0.4282706892197826,-0.4323199689388275
2721,2027-06-14,-0.3706435822673679,-0.3704362136418697,-0.3748476207256317
2722,2027-06-15,-0.38078731500240254,-0.3806033893576298,-0.3850589990615845
2723,2027-06-16,-0.4405177788246001,-0.4403659608113958,-0.44451141357421875
2724,2027-06-17,-0.49002689137499633,-0.48990919442002584,-0.49358364939689636
2725,2027-06-18,-0.4870292739964845,-0.4869463512749176,-0.4902597963809967
2726,2027-06-19,-0.4424453455052419,-0.4424009996937883,-0.4456086754798889
2727,2027-06-20,-0.40131384050878505,-0.40131498356956896,-0.4046112298965454
2728,2027-06-21,-0.39449783976650143,-0.39455041068888186,-0.39796289801597595
2729,2027-06-22,-0.4137507906460853,-0.41385575628962884,-0.41731759905815125
2730,2027-06-23,-0.433491250536154,-0.4336445065344006,-0.4371492266654968
2731,2027-06-24,-0.4500143714677624,-0.4502106072571199,-0.4538857936859131
2732,2027-06-25,-0.48955681177721555,-0.48979384464561593,-0.49381232261657715
2733,2027-06-26,-0.5717768756240744,-0.5720568390297782,-0.576467752456665
2734,2027-06-27,-0.6678229767381988,-0.6681498963680053,-0.6727899312973022
2735,2027-06-28,-0.7050220846232039,-0.7053985779402925,-0.7099729180335999
2736,2027-06-29,-0.6258660332358941,-0.6262921323986912,-0.6305616497993469
2737,2027-06-30,-0.4500628946437648,-0.45053740428349426,-0.45446130633354187
2738,2027-07-01,-0.27623564910557086,-0.2767578579970744,-0.2804872393608093
2739,2027-07-02,-0.21167350113924302,-0.2122430646552832,-0.21599692106246948
2740,2027-07-03,-0.28732513321211817,-0.2879402824635896,-0.2918786406517029
2741,2027-07-04,-0.43378631032057724,-0.4344425543422877,-0.43862128257751465
2742,2027-07-05,-0.5413587461486853,-0.5420497192382754,-0.5464475750923157
2743,2027-07-06,-0.5511108861515442,-0.5518305496562244,-0.5563795566558838
2744,2027-07-07,-0.4960770757833849,-0.49682084148546835,-0.5014089941978455
2745,2027-07-08,-0.45888220155937287,-0.45964562842547235,-0.4641256332397461
2746,2027-07-09,-0.4894218490001619,-0.4901983627076436,-0.49445396661758423
2747,2027-07-10,-0.5606348048512775,-0.5614153915820996,-0.5654644966125488
2748,2027-07-11,-0.6007042394112975,-0.6014804024070419,-0.6055223345756531
2749,2027-07-12,-0.5662137998596677,-0.5669816202335485,-0.5713058710098267
2750,2027-07-13,-0.48413398090385895,-0.4848953440550686,-0.4896857738494873
2751,2027-07-14,-0.4242734350796398,-0.42503246398178174,-0.43021103739738464
2752,2027-07-15,-0.43241873318260243,-0.4331756767829641,-0.438425213098526
2753,2027-07-16,-0.49018746441155764,-0.4909348303830501,-0.4959014058113098
2754,2027-07-17,-0.5377870538700371,-0.5385111005891229,-0.5430341362953186
2755,2027-07-18,-0.5329471616507236,-0.5336333264904092,-0.5378228425979614
2756,2027-07-19,-0.4866026467554756,-0.487240188311608,-0.4913511872291565
2757,2027-07-20,-0.4438059603281388,-0.4443880447803116,-0.4486143887042999
2758,2027-07-21,-0.4354330567414935,-0.43595279527233927,-0.44032150506973267
2759,2027-07-22,-0.45324930158696597,-0.4536958630539482,-0.4581390619277954
2760,2027-07-23,-0.471684110372795,-0.47204272530462527,-0.47655296325683594
2761,2027-07-24,-0.4870423370622423,-0.4872982562253343,-0.4920017421245575
2762,2027-07-25,-0.5255690991065307,-0.5257120107914762,-0.5307799577713013
2763,2027-07-26,-0.6069298405125784,-0.6069551311277622,-0.6124351024627686
2764,2027-07-27,-0.7022787299978701,-0.7021851208615452,-0.7079119086265564
2765,2027-07-28,-0.7389470530111424,-0.7387333486049181,-0.7444099187850952
2766,2027-07-29,-0.6594294781341475,-0.6590934253063342,-0.6644785404205322
2767,2027-07-30,-0.48343540075205227,-0.48297507006313684,-0.48802560567855835
2768,2027-07-31,-0.30958759571168215,-0.3090031037609176,-0.31386756896972656
2769,2027-08-01,-0.2451735287406242,-0.24446691827021366,-0.2493618130683899
2770,2027-08-02,-0.3211386183256322,-0.3203120520134449,-0.3253946900367737
2771,2027-08-03,-0.46807386130842776,-0.4671282957201896,-0.47245174646377563
2772,2027-08-04,-0.5762747327637986,-0.5752107247855371,-0.5807508826255798
2773,2027-08-05,-0.5868020152734756,-0.5856218706325124,-0.5913079977035522
2774,2027-08-06,-0.5326810254940574,-0.5313898569314487,-0.5371068120002747
2775,2027-08-07,-0.4965263252749079,-0.4951306726413619,-0.5007283091545105
2776,2027-08-08,-0.528221960849109,-0.5267274231366347,-0.5320864915847778
2777,2027-08-09,-0.600694056876578,-0.5991048883616252,-0.6042404174804688
2778,2027-08-10,-0.6421121004681392,-0.6404340602280084,-0.6455423831939697
2779,2027-08-11,-0.6090451452849651,-0.607289442426783,-0.6126571297645569
2780,2027-08-12,-0.5284483011789888,-0.5266326980406063,-0.5324409008026123
2781,2027-08-13,-0.4701141707696478,-0.46825928634077446,-0.47442707419395447
2782,2027-08-14,-0.47981274242636335,-0.4779358052588083,-0.4841434061527252
2783,2027-08-15,-0.5391446282100152,-0.5372554691385494,-0.5431463718414307
2784,2027-08-16,-0.5883000232797924,-0.5864024239465144,-0.5918136239051819
2785,2027-08-17,-0.5849912498942674,-0.5830882253149099,-0.5881273150444031
2786,2027-08-18,-0.5401358680532516,-0.5382341620163577,-0.5431540012359619
2787,2027-08-19,-0.49876921608922664,-0.4968792407739812,-0.5018715858459473
2788,2027-08-20,-0.49175046853932247,-0.48988219646465353,-0.4949720799922943
2789,2027-08-21,-0.5108286891437693,-0.5089876228262485,-0.5141054391860962
2790,2027-08-22,-0.5304176115804965,-0.528604648141926,-0.5337413549423218
2791,2027-08-23,-0.5468071658895487,-0.5450224210042282,-0.5503026247024536
2792,2027-08-24,-0.5862284360833586,-0.5844755325277675,-0.5900692939758301
2793,2027-08-25,-0.6683338493738378,-0.6666210558361572,-0.6725747585296631
2794,2027-08-26,-0.7642656929849561,-0.7626034470467578,-0.7687509059906006
2795,2027-08-27,-0.8013446163192999,-0.7997421678351145,-0.805785596370697
2796,2027-08-28,-0.7220559980271428,-0.720520173287289,-0.7262178659439087
2797,2027-08-29,-0.5461013799838581,-0.5446378786767784,-0.5499460697174072
2798,2027-08-30,-0.37209719907200783,-0.3707122436295155,-0.37577933073043823
2799,2027-08-31,-0.30732616582370553,-0.30602632060399726,-0.311068594455719
2800,2027-09-01,-0.3827305809734235,-0.3815208977601211,-0.3866958022117615
2801,2027-09-02,-0.5289000026375387,-0.5277826593968362,-0.5331435203552246
2802,2027-09-03,-0.6361301742433226,-0.6351052598309398,-0.6406281590461731
2803,2027-09-04,-0.6454838679749098,-0.6445515226685447,-0.6501662135124207
2804,2027-09-05,-0.5899901114087605,-0.5891515909902936,-0.5947436690330505
2805,2027-09-06,-0.5522688844635493,-0.5515252001763831,-0.5569452047348022
2806,2027-09-07,-0.582211330183462,-0.5815609145218273,-0.5866904258728027
2807,2027-09-08,-0.6527523062252792,-0.6521906565669231,-0.6570455431938171
2808,2027-09-09,-0.6920716123996293,-0.6915942014707055,-0.6963719129562378
2809,2027-09-10,-0.6567501246778689,-0.6563564198100924,-0.6613446474075317
2810,2027-09-11,-0.5737562015665425,-0.5734508545217695,-0.5788317322731018
2811,2027-09-12,-0.5128970247826659,-0.5126862738079528,-0.5183802843093872
2812,2027-09-13,-0.51995838434492,-0.5198439170442589,-0.5255323648452759
2813,2027-09-14,-0.576557797370642,-0.5765328639394981,-0.5818606019020081
2814,2027-09-15,-0.622903337933196,-0.6229542298857063,-0.6277593970298767
2815,2027-09-16,-0.6167260420149492,-0.6168375136985852,-0.6212290525436401
2816,2027-09-17,-0.5689628706256854,-0.5691227812953812,-0.5733548402786255
2817,2027-09-18,-0.5246690954654633,-0.5248685022174974,-0.5291339159011841
2818,2027-09-19,-0.5147241956134251,-0.514953404146495,-0.5192785263061523
2819,2027-09-20,-0.5308977442949632,-0.5311424416800132,-0.5354588031768799
2820,2027-09-21,-0.5476240195910798,-0.5478653050523679,-0.5521649122238159
2821,2027-09-22,-0.5612133583383666,-0.5614317351647329,-0.5658401250839233
2822,2027-09-23,-0.597916940045753,-0.59809677259959,-0.6027849912643433
2823,2027-09-24,-0.6774068026026201,-0.6775376227754017,-0.6825528740882874
2824,2027-09-25,-0.7708441871075563,-0.7709183828209943,-0.7760952711105347
2825,2027-09-26,-0.8055678709427225,-0.8055774916141563,-0.8106188178062439
2826,2027-09-27,-0.7240803699981686,-0.7240160480639173,-0.7286806106567383
2827,2027-09-28,-0.5460992133659047,-0.5459516126127762,-0.5501961708068848
2828,2027-09-29,-0.3702555227236035,-0.37001713178097223,-0.3739902675151825
2829,2027-09-30,-0.303845246691379,-0.3035103339527008,-0.3074285387992859
2830,2027-10-01,-0.377822342449641,-0.3773852277690929,-0.38140591979026794
2831,2027-10-02,-0.5227863184634532,-0.5222401275004727,-0.5264166593551636
2832,2027-10-03,-0.6290410495237602,-0.628378602428608,-0.6326867938041687
2833,2027-10-04,-0.6376555198795142,-0.636871563276472,-0.6412408947944641
2834,2027-10-05,-0.5816629630439508,-0.5807553122034812,-0.5850709080696106
2835,2027-10-06,-0.5436854862271447,-0.5426537290131395,-0.5467655658721924
2836,2027-10-07,-0.5736142236461425,-0.5724574355549544,-0.5762463808059692
2837,2027-10-08,-0.6443818461911078,-0.6430982679587565,-0.6465794444084167
2838,2027-10-09,-0.68416376331469,-0.6827537296554786,-0.6861237287521362
2839,2027-10-10,-0.6495342479436197,-0.6480042090681348,-0.6515496373176575
2840,2027-10-11,-0.567452850588614,-0.5658165480806843,-0.5697185397148132
2841,2027-10-12,-0.5077157647377982,-0.5059906033766965,-0.5101684331893921
2842,2027-10-13,-0.5160956536689703,-0.5142965178263008,-0.5184304118156433
2843,2027-10-14,-0.5741948278747521,-0.5723301321961625,-0.5760633945465088
2844,2027-10-15,-0.6222041502240012,-0.620277240009679,-0.6234468817710876
2845,2027-10-16,-0.617835532549037,-0.6158500115308453,-0.6185635328292847
2846,2027-10-17,-0.5720050062449984,-0.5699692700520994,-0.5724794864654541
2847,2027-10-18,-0.5297452306712465,-0.5276724369180575,-0.5301706790924072
2848,2027-10-19,-0.5219115271158149,-0.5198155098230117,-0.5223267674446106
2849,2027-10-20,-0.5402479165529489,-0.5381391699316314,-0.5405935049057007
2850,2027-10-21,-0.5591618941148341,-0.5570474426642955,-0.5594355463981628
2851,2027-10-22,-0.5749359584997138,-0.5728231775791665,-0.575269341468811
2852,2027-10-23,-0.6137925819953384,-0.6116934739648385,-0.6143674254417419
2853,2027-10-24,-0.6953744216832811,-0.6933067331689289,-0.6962544322013855
2854,2027-10-25,-0.7908128678464968,-0.7887975820058779,-0.7918524146080017
2855,2027-10-26,-0.8274165873392945,-0.825474527384038,-0.8283382654190063
2856,2027-10-27,-0.7476579413852857,-0.74580848584501,-0.7482390403747559
2857,2027-10-28,-0.5712244796492961,-0.569486801560267,-0.5714401006698608
2858,2027-10-29,-0.3967177412656886,-0.39511239110213364,-0.39673614501953125
2859,2027-10-30,-0.33140471156954576,-0.3299533616737846,-0.33146360516548157
2860,2027-10-31,-0.40621122522551817,-0.4049347325817495,-0.4064883589744568
2861,2027-11-01,-0.5517097280339205,-0.5506266827577084,-0.5522767305374146
2862,2027-11-02,-0.6581783070347055,-0.6573057197608086,-0.6590279936790466
2863,2027-11-03,-0.666661643126111,-0.6660169817196978,-0.6677408814430237
2864,2027-11-04,-0.6101703532370322,-0.6097724971564572,-0.611383318901062
2865,2027-11-05,-0.5713058085088123,-0.5711735738007618,-0.5725218057632446
2866,2027-11-06,-0.5999404712780694,-0.6000901568642496,-0.6010570526123047
2867,2027-11-07,-0.668990576951176,-0.669435484963008,-0.670037031173706
2868,2027-11-08,-0.7066174953019718,-0.707370715234773,-0.7078043222427368
2869,2027-11-09,-0.6693840007545684,-0.6704623002168342,-0.6710156798362732
2870,2027-11-10,-0.5842408166586821,-0.5856657013340268,-0.5865213871002197
2871,2027-11-11,-0.5209780945839144,-0.5227720799329619,-0.5238507986068726
2872,2027-11-12,-0.5253653378118425,-0.527545681979958,-0.5285292863845825
2873,2027-11-13,-0.5790046573716511,-0.5815793457381627,-0.5821130275726318
2874,2027-11-14,-0.6220897370191139,-0.6250588344105025,-0.6249816417694092
2875,2027-11-15,-0.6123383702421967,-0.6156993189945872,-0.615121066570282
2876,2027-11-16,-0.5606755514163936,-0.5644276939401609,-0.5636033415794373
2877,2027-11-17,-0.5121459845508297,-0.5162905415637203,-0.5154141187667847
2878,2027-11-18,-0.4976200971977096,-0.5021561094384109,-0.5012551546096802
2879,2027-11-19,-0.5088600376813184,-0.5137803961020238,-0.5127880573272705
2880,2027-11-20,-0.5202943886574108,-0.5255857698814537,-0.5244954824447632
2881,2027-11-21,-0.5282296154381857,-0.533876386346289,-0.5328155755996704
2882,2027-11-22,-0.5589149351229752,-0.5649035312350769,-0.5640450716018677
2883,2027-11-23,-0.6320224076004026,-0.6383425702521958,-0.6377358436584473
2884,2027-11-24,-0.7187153450741831,-0.7253577505820317,-0.7248395085334778
2885,2027-11-25,-0.7463366986378068,-0.7532897149065796,-0.7525652647018433
2886,2027-11-26,-0.657395302255975,-0.6646438723952672,-0.6634745597839355
2887,2027-11-27,-0.4716171770134588,-0.4791442411173187,-0.4774896204471588
2888,2027-11-28,-0.2876441274405386,-0.2954324012165358,-0.29344385862350464
2889,2027-11-29,-0.2127849798975182,-0.22081690667487328,-0.21871411800384521
2890,2027-11-30,-0.27800875505039624,-0.28626478669673666,-0.28420841693878174
2891,2027-12-01,-0.4139321881433382,-0.4223895608695925,-0.4204362630844116
2892,2027-12-02,-0.5108785082036165,-0.519512164977412,-0.5176413059234619
2893,2027-12-03,-0.5099381319602019,-0.5187230004319342,-0.5168677568435669
2894,2027-12-04,-0.44416774117658475,-0.4530799338762564,-0.45112916827201843
2895,2027-12-05,-0.39621483152798775,-0.40523041970680773,-0.4030381441116333
2896,2027-12-06,-0.4159977775545505,-0.42509058769562474,-0.4225415885448456
2897,2027-12-07,-0.4764782415297045,-0.48561962563527333,-0.48273327946662903
2898,2027-12-08,-0.5058622625545187,-0.5150241303275367,-0.5120012760162354
2899,2027-12-09,-0.46075625720381846,-0.46991521125388414,-0.46704670786857605
2900,2027-12-10,-0.3681532985085279,-0.3772919335727771,-0.3747634291648865
2901,2027-12-11,-0.2978843360280752,-0.3069877431386578,-0.30472302436828613
2902,2027-12-12,-0.29575786791907643,-0.3048075914282272,-0.30249136686325073
2903,2027-12-13,-0.34341295499192753,-0.35238319138864904,-0.34966346621513367
2904,2027-12-14,-0.3810779547775675,-0.3899371078801201,-0.3866554796695709
2905,2027-12-15,-0.366502840219453,-0.37521900956350684,-0.3714878261089325
2906,2027-12-16,-0.3106420865765742,-0.31918776636980806,-0.3152642846107483
2907,2027-12-17,-0.2585669913517139,-0.2669192099716996,-0.2629997134208679
2908,2027-12-18,-0.24117151609163032,-0.24930792284909178,-0.24542200565338135
2909,2027-12-19,-0.2502381293800603,-0.2581331525655469,-0.25421571731567383
2910,2027-12-20,-0.2602123850921534,-0.2678372772264641,-0.26388347148895264
2911,2027-12-21,-0.26741425526634244,-0.27474108867438507,-0.27087998390197754
2912,2027-12-22,-0.29810290443988496,-0.30510902119793726,-0.30151498317718506
2913,2027-12-23,-0.37195670717938345,-0.37862600794932977,-0.37534940242767334
2914,2027-12-24,-0.4601416059736282,-0.4664622105673197,-0.4633409082889557
2915,2027-12-25,-0.48999946841354736,-0.4959604833287727,-0.4927007257938385
2916,2027-12-26,-0.40403432423451424,-0.40962471665432676,-0.40598875284194946
2917,2027-12-27,-0.2219636851816244,-0.22717367465810465,-0.22312146425247192
2918,2027-12-28,-0.042417179441587405,-0.04723996615565634,-0.04292351007461548
2919,2027-12-29,0.027312149586038892,0.022880503115569828,0.027241230010986328
2920,2027-12-30,-0.04372541149899811,-0.047763033750359174,-0.04351896047592163
2921,2027-12-31,-0.18612387010522607,-0.18976430488573443,-0.18569356203079224
2922,2028-01-01,-0.29018043136521265,-0.2934210318764362,-0.2895030379295349
2923,2028-01-02,-0.29695633657172804,-0.29979710647744684,-0.29596489667892456
2924,2028-01-03,-0.23947610410699244,-0.24192073756113938,-0.23806285858154297
2925,2028-01-04,-0.20035225997023343,-0.20240674012908044,-0.19837689399719238
2926,2028-01-05,-0.22946560126729157,-0.23113580750514862,-0.22681844234466553
2927,2028-01-06,-0.2997378192422041,-0.30102909546678824,-0.2964431047439575
2928,2028-01-07,-0.3393328167817276,-0.34025279034170486,-0.3355982303619385
2929,2028-01-08,-0.3048129502654533,-0.30537544403021655,-0.3009427785873413
2930,2028-01-09,-0.2231255609822783,-0.22335166110102528,-0.21932584047317505
2931,2028-01-10,-0.16405445726752454,-0.16396877910969593,-0.16027289628982544
2932,2028-01-11,-0.17335985656783637,-0.17298425837147974,-0.16930222511291504
2933,2028-01-12,-0.2326316757028971,-0.23198121051250295,-0.22796034812927246
2934,2028-01-13,-0.28204854557235265,-0.281132767719112,-0.27661383152008057
2935,2028-01-14,-0.27931041312816757,-0.27813861775072557,-0.27323323488235474
2936,2028-01-15,-0.23532171238210806,-0.23390738703466735,-0.22887206077575684
2937,2028-01-16,-0.19510396745936115,-0.1934646874450046,-0.18849486112594604
2938,2028-01-17,-0.1895019147275267,-0.18765519051523005,-0.18277984857559204
2939,2028-01-18,-0.2102496215561006,-0.20820882389752277,-0.20336192846298218
2940,2028-01-19,-0.23174533401926184,-0.22951951423573835,-0.22469568252563477
2941,2028-01-20,-0.25026307119982405,-0.24786074124965,-0.24318832159042358
2942,2028-01-21,-0.29201765130334967,-0.28945102910037557,-0.2851036787033081
2943,2028-01-22,-0.3766449497359614,-0.37393105557356665,-0.36995863914489746
2944,2028-01-23,-0.4752704848187102,-0.4724286229947282,-0.46866849064826965
2945,2028-01-24,-0.5151979886611173,-0.5122463506989684,-0.5084042549133301
2946,2028-01-25,-0.43889584246167457,-0.4358502324679513,-0.43168798089027405
2947,2028-01-26,-0.26604857799504317,-0.2629236723097461,-0.2584008574485779
2948,2028-01-27,-0.09525567594965872,-0.09206663679672872,-0.08733487129211426
2949,2028-01-28,-0.03378300991723748,-0.030545270618995035,-0.025824308395385742
2950,2028-01-29,-0.11255622688960426,-0.10928360521591818,-0.10473418235778809
2951,2028-01-30,-0.26214847675509956,-0.258851783426274,-0.2545304298400879
2952,2028-01-31,-0.3728394007224314,-0.3695271958182867,-0.36541327834129333
2953,2028-02-01,-0.38567603326868394,-0.3823567404650597,-0.37838321924209595
2954,2028-02-02,-0.3336720850939594,-0.33035503148084566,-0.3264104723930359
2955,2028-02-03,-0.29943269406904705,-0.29612672789109207,-0.292064905166626
2956,2028-02-04,-0.33283468753817114,-0.3295458238154327,-0.3252512216567993
2957,2028-02-05,-0.4067991827219261,-0.4035302287498394,-0.39902210235595703
2958,2028-02-06,-0.4494928604512409,-0.4462463101431784,-0.44172486662864685
2959,2028-02-07,-0.41748414253561433,-0.41426618153091366,-0.410022109746933
2960,2028-02-08,-0.3377296385770765,-0.33455132184116687,-0.3307698965072632
2961,2028-02-09,-0.2800255240806534,-0.2768991676019576,-0.27350378036499023
2962,2028-02-10,-0.2901473599116116,-0.2870803950137314,-0.283755362033844
2963,2028-02-11,-0.34970324231814176,-0.3466943220578904,-0.3430872857570648
2964,2028-02-12,-0.3988926608473659,-0.3959331335460365,-0.391885370016098
2965,2028-02-13,-0.3954389281359439,-0.3925182552503207,-0.3881416320800781
2966,2028-02-14,-0.35027216462950195,-0.3473825606416987,-0.3429340422153473
2967,2028-02-15,-0.3084417025848628,-0.3055782271149703,-0.3012537360191345
2968,2028-02-16,-0.3008219978427635,-0.29797860685292066,-0.2938075661659241
2969,2028-02-17,-0.31917852840627436,-0.31634420857787504,-0.31226104497909546
2970,2028-02-18,-0.3379424137136537,-0.33510121590003994,-0.3311009109020233
2971,2028-02-19,-0.35342177386305906,-0.35055680863754424,-0.3467680513858795
2972,2028-02-20,-0.39186651564010466,-0.3889644148096465,-0.38556140661239624
2973,2028-02-21,-0.47294834715519923,-0.4700005754942315,-0.4670335054397583
2974,2028-02-22,-0.5678291184567428,-0.5648296681697244,-0.562136173248291
2975,2028-02-23,-0.6038491472836915,-0.600791350029182,-0.5980777144432068
2976,2028-02-24,-0.5235134109161977,-0.5203888664053983,-0.5174168944358826
2977,2028-02-25,-0.346542807494592,-0.3433428393402912,-0.34007251262664795
2978,2028-02-26,-0.17157271907851585,-0.16829017617877284,-0.16487336158752441
2979,2028-02-27,-0.10590422681077599,-0.10253344647532059,-0.09919005632400513
2980,2028-02-28,-0.18049727051334324,-0.17703235862517325,-0.17392313480377197
2981,2028-02-29,-0.3259581666589827,-0.3223917606981256,-0.3195735216140747
2982,2028-03-01,-0.4325983959860288,-0.42892256257104233,-0.4263746440410614
2983,2028-03-02,-0.4414953166211865,-0.4377037924952923,-0.4353591799736023
2984,2028-03-03,-0.3856912713664137,-0.3817806146980647,-0.3795278072357178
2985,2028-03-04,-0.3478181772013833,-0.343786480771637,-0.34147921204566956
2986,2028-03-05,-0.37777764133025227,-0.37362225691771145,-0.3711448907852173
2987,2028-03-06,-0.44851343135929417,-0.44423065680046414,-0.4416022002696991
2988,2028-03-07,-0.48821263556313843,-0.48380065305989095,-0.48122113943099976
2989,2028-03-08,-0.45346174414506546,-0.44892465148220323,-0.44668447971343994
2990,2028-03-09,-0.3712330177765192,-0.36658201405009877,-0.3648661673069
2991,2028-03-10,-0.31133580560929275,-0.30658557307831186,-0.3053170442581177
2992,2028-03-11,-0.31955632301696635,-0.3147188537390413,-0.31358152627944946
2993,2028-03-12,-0.37751077837829805,-0.37259143537434924,-0.37123245000839233
2994,2028-03-13,-0.42540422615465173,-0.4204031545548002,-0.4186634421348572
2995,2028-03-14,-0.4209630100778489,-0.4158804759866454,-0.41387128829956055
2996,2028-03-15,-0.37511777917941314,-0.3699587145941883,-0.36793652176856995
2997,2028-03-16,-0.332915940583588,-0.3276899253417792,-0.32584989070892334
2998,2028-03-17,-0.3252276369827637,-0.31994482549105174,-0.3183157444000244
2999,2028-03-18,-0.34381172716711333,-0.3384788449825917,-0.336994469165802
